County,Total_All_Schools,TXST,UT Austin,Texas A&M,Texas Tech,Stephen F. Austin,UTSA,UNT,UH,Has_Data,Dominant_School,Dominant_Enrollment,Dominant_Share,TXST_Market_Share,Is_Viable_Market,Market_Size_Score,Growth_Potential,Breakable_Market,Opportunity_Score,Opportunity_Category
ANDERSON,1229.0,0.0,0.0,41.0,0.0,23.0,0.0,0.0,0.0,True,Texas A&M,41.0,3.336045565500407,0.0,True,59.83678910454822,100.0,96.66395443449959,79.25118543917402,üî• TOP PRIORITY
ANDREWS,562.0,5.0,0.0,5.0,53.0,0.0,0.0,0.0,0.0,True,Texas Tech,53.0,9.430604982206406,0.8896797153024912,True,53.26428638332552,94.77,90.5693950177936,73.17702219522148,üéØ HIGH OPPORTUNITY
ANGELINA,3378.0,50.0,37.0,157.0,11.0,505.0,0.0,0.0,8.0,True,Stephen F. Austin,505.0,14.949674363528716,1.4801657785671996,True,68.33587026479658,91.29,85.05032563647129,78.56500025969255,üî• TOP PRIORITY
ARANSAS,471.0,34.0,0.0,29.0,0.0,5.0,29.0,0.0,0.0,True,TXST,34.0,7.218683651804671,7.218683651804671,False,51.78155887626199,57.54,92.78131634819533,0.0,‚≠ê TXST Territory
ARCHER,506.0,0.0,0.0,0.0,58.0,0.0,0.0,0.0,0.0,True,Texas Tech,58.0,11.462450592885377,0.0,True,52.38315901336949,100.0,88.53754940711462,73.89908938810767,üéØ HIGH OPPORTUNITY
ARMSTRONG COU,18.0,0.0,0.0,0.0,0.0,0.0,0.0,0.0,0.0,False,No Data,0.0,0.0,0.0,False,24.76338488635713,100.0,100.0,0.0,‚ö´ Small Market
ATASCOSA,1345.0,43.0,0.0,57.0,41.0,0.0,103.0,0.0,0.0,True,UTSA,103.0,7.657992565055761,3.197026022304833,True,60.59474404374969,81.19,92.34200743494424,73.1227735088637,üéØ HIGH OPPORTUNITY
AUSTIN,1228.0,41.0,0.0,130.0,11.0,0.0,7.0,0.0,0.0,True,Texas A&M,130.0,10.586319218241044,3.3387622149837135,True,59.82994874483944,80.36,89.41368078175896,71.90571052877152,üéØ HIGH OPPORTUNITY
BAILEY,177.0,0.0,0.0,0.0,16.0,0.0,0.0,0.0,0.0,True,Texas Tech,16.0,9.03954802259887,0.0,False,43.579948968751765,100.0,90.96045197740114,0.0,‚ö´ Small Market
BANDERA,315.0,23.0,0.0,12.0,12.0,0.0,22.0,0.0,0.0,True,TXST,23.0,7.301587301587302,7.301587301587302,False,48.407068630118474,57.05,92.6984126984127,0.0,‚≠ê TXST Territory
BASTROP,2282.0,365.0,167.0,165.0,24.0,0.0,50.0,10.0,5.0,True,TXST,365.0,15.994741454864153,15.994741454864153,True,65.03831110807272,5.91,84.00525854513585,0.0,‚≠ê TXST Territory
BAYLOR,132.0,0.0,0.0,0.0,5.0,0.0,0.0,0.0,0.0,True,Texas Tech,5.0,3.787878787878788,0.0,False,41.12892083948017,100.0,96.21212121212122,0.0,‚ö´ Small Market
BEE,801.0,12.0,0.0,29.0,0.0,0.0,7.0,0.0,0.0,True,Texas A&M,29.0,3.620474406991261,1.49812734082397,True,56.240066581495185,91.19,96.37952559300874,74.75293840934934,üéØ HIGH OPPORTUNITY
BELL,10585.0,546.0,330.0,527.0,203.0,65.0,345.0,210.0,74.0,True,TXST,546.0,5.158242796410014,5.158242796410014,True,77.93994462550481,69.66,94.84175720358999,0.0,‚≠ê TXST Territory
BEXAR,66194.0,2601.0,2290.0,2224.0,1293.0,20.0,9126.0,461.0,285.0,True,UTSA,9126.0,13.786748043629332,3.929359156419011,True,93.35649141027818,76.89,86.21325195637067,86.98789609641324,üî• TOP PRIORITY
BLANCO,410.0,52.0,0.0,16.0,6.0,0.0,0.0,0.0,0.0,True,TXST,52.0,12.682926829268292,12.682926829268292,False,50.61770384767169,25.39,87.3170731707317,0.0,‚≠ê TXST Territory
BOSQUE,440.0,0.0,0.0,5.0,0.0,0.0,0.0,0.0,0.0,True,Texas A&M,5.0,1.1363636363636365,0.0,False,51.210217942325144,100.0,98.86363636363636,0.0,‚ö´ Small Market
BOWIE,2300.0,10.0,30.0,22.0,5.0,19.0,0.0,40.0,0.0,True,UNT,40.0,1.7391304347826086,0.4347826086956521,True,65.104360309835,97.44,98.26086956521739,81.43635406796098,üî• TOP PRIORITY
BRAZORIA,15009.0,577.0,511.0,967.0,172.0,177.0,292.0,119.0,1370.0,True,UH,1370.0,9.127856619361715,3.844360050636285,True,80.87666180326617,77.39,90.87214338063828,81.82975957776074,üî• TOP PRIORITY
BRAZOS,5170.0,117.0,172.0,1212.0,29.0,41.0,31.0,56.0,11.0,True,Texas A&M,1212.0,23.44294003868472,2.263056092843327,True,71.91430429951751,86.69,76.55705996131528,77.2755641420218,üî• TOP PRIORITY
BREWSTER,208.0,9.0,0.0,0.0,16.0,0.0,0.0,0.0,0.0,True,Texas Tech,16.0,7.6923076923076925,4.326923076923077,False,44.930215979692484,74.55,92.3076923076923,0.0,‚ö´ Small Market
BROOKS,224.0,0.0,0.0,0.0,0.0,0.0,6.0,0.0,0.0,True,UTSA,6.0,2.6785714285714284,0.0,False,45.5506056644145,100.0,97.32142857142857,0.0,‚ö´ Small Market
BROWN,1051.0,16.0,0.0,41.0,21.0,0.0,0.0,0.0,0.0,True,Texas A&M,41.0,3.9010466222645097,1.5223596574690772,True,58.52209435967488,91.04,96.09895337773548,75.79283785538455,üî• TOP PRIORITY
BURLESON,409.0,0.0,0.0,57.0,0.0,0.0,0.0,0.0,0.0,True,Texas A&M,57.0,13.93643031784841,0.0,False,50.59721608650869,100.0,86.0635696821516,0.0,‚ö´ Small Market
BURNET,1068.0,62.0,49.0,96.0,69.0,0.0,36.0,5.0,0.0,True,Texas A&M,96.0,8.98876404494382,5.805243445692884,True,58.65691456930385,65.85,91.01123595505618,67.28570447566317,üéØ HIGH OPPORTUNITY
CALDWELL,773.0,185.0,39.0,39.0,0.0,0.0,28.0,0.0,0.0,True,TXST,185.0,23.93272962483829,23.93272962483829,True,55.941194764240066,0.0,76.06727037516171,0.0,‚≠ê TXST Territory
CALHOUN,591.0,23.0,15.0,41.0,0.0,0.0,0.0,0.0,0.0,True,Texas A&M,41.0,6.937394247038917,3.8917089678511,True,53.68670665031004,77.11,93.06260575296108,68.58887447574723,üéØ HIGH OPPORTUNITY
CALLAHAN,394.0,0.0,0.0,0.0,18.0,0.0,0.0,0.0,0.0,True,Texas Tech,18.0,4.568527918781726,0.0,False,50.28375538953188,100.0,95.43147208121827,0.0,‚ö´ Small Market
CAMERON,21725.0,537.0,822.0,715.0,69.0,0.0,955.0,57.0,109.0,True,UTSA,955.0,4.395857307249712,2.47180667433832,True,83.98670340995756,85.46,95.60414269275029,86.75218024352884,üî• TOP PRIORITY
CAMP,436.0,0.0,0.0,5.0,0.0,0.0,0.0,0.0,0.0,True,Texas A&M,5.0,1.146788990825688,0.0,False,51.13358668961584,100.0,98.85321100917432,0.0,‚ö´ Small Market
CARSON,170.0,0.0,0.0,0.0,30.0,0.0,0.0,0.0,0.0,True,Texas Tech,30.0,17.647058823529413,0.0,False,43.24253092243618,100.0,82.35294117647058,0.0,‚ö´ Small Market
CASS,855.0,6.0,0.0,5.0,0.0,5.0,0.0,0.0,0.0,True,TXST,6.0,0.7017543859649122,0.7017543859649122,True,56.788091505459434,95.87,99.29824561403508,0.0,‚≠ê TXST Territory
CASTRO,204.0,0.0,0.0,0.0,5.0,0.0,0.0,0.0,0.0,True,Texas Tech,5.0,2.450980392156863,0.0,False,44.76769455913153,100.0,97.54901960784314,0.0,‚ö´ Small Market
CHAMBERS,2023.0,75.0,30.0,101.0,26.0,26.0,7.0,0.0,17.0,True,Texas A&M,101.0,4.992585269401879,3.7073652990608017,True,64.02559747872556,78.19,95.00741473059813,74.4712816854824,üéØ HIGH OPPORTUNITY
CHEROKEE,1324.0,0.0,0.0,9.0,0.0,58.0,0.0,0.0,0.0,True,Stephen F. Austin,58.0,4.380664652567976,0.0,True,60.462495225315614,100.0,95.61933534743203,79.35511468214422,üî• TOP PRIORITY
CHILDRESS,107.0,0.0,0.0,0.0,21.0,0.0,0.0,0.0,0.0,True,Texas Tech,21.0,19.626168224299064,0.0,False,39.37776210887291,100.0,80.37383177570094,0.0,‚ö´ Small Market
CHILDRESS COU,93.0,0.0,0.0,0.0,0.0,0.0,0.0,0.0,0.0,False,No Data,0.0,0.0,0.0,False,38.21011681396115,100.0,100.0,0.0,‚ö´ Small Market
CLAY,243.0,0.0,0.0,6.0,17.0,0.0,0.0,5.0,0.0,True,Texas Tech,17.0,6.995884773662551,0.0,False,46.2324040372967,100.0,93.00411522633745,0.0,‚ö´ Small Market
COCHRAN,52.0,0.0,0.0,0.0,0.0,0.0,0.0,0.0,0.0,False,No Data,0.0,0.0,0.0,False,33.39103559698016,100.0,100.0,0.0,‚ö´ Small Market
COKE,17.0,0.0,0.0,0.0,0.0,0.0,0.0,0.0,0.0,False,No Data,0.0,0.0,0.0,False,24.30866756345621,100.0,100.0,0.0,‚ö´ Small Market
COLEMAN,169.0,0.0,0.0,0.0,0.0,0.0,0.0,0.0,0.0,False,No Data,0.0,0.0,0.0,False,43.19320396696797,100.0,100.0,0.0,‚ö´ Small Market
COLLIN,44777.0,969.0,3054.0,3219.0,2713.0,464.0,125.0,3253.0,332.0,True,UNT,3253.0,7.264890457154342,2.164057440203676,True,90.06903676644329,87.27,92.73510954284566,89.76254029179078,üî• TOP PRIORITY
COLLINGSWORTH,110.0,0.0,0.0,0.0,5.0,0.0,0.0,0.0,0.0,True,Texas Tech,5.0,4.545454545454546,0.0,False,39.60819355884091,100.0,95.45454545454545,0.0,‚ö´ Small Market
COLORADO,761.0,21.0,0.0,30.0,0.0,0.0,0.0,0.0,0.0,True,Texas A&M,30.0,3.942181340341656,2.759526938239159,True,55.809782375006165,83.77,96.05781865965834,72.24745491943474,üéØ HIGH OPPORTUNITY
COMAL,6862.0,1136.0,282.0,632.0,429.0,5.0,534.0,70.0,22.0,True,TXST,1136.0,16.554940250655786,16.554940250655786,True,74.29505786387334,2.62,83.44505974934421,0.0,‚≠ê TXST Territory
COMANCHE,421.0,0.0,0.0,0.0,0.0,0.0,0.0,0.0,0.0,False,No Data,0.0,0.0,0.0,False,50.83983546296006,100.0,100.0,0.0,‚ö´ Small Market
COOKE,1186.0,0.0,0.0,10.0,31.0,0.0,0.0,57.0,0.0,True,UNT,57.0,4.806070826306914,0.0,True,59.537510909749045,100.0,95.19392917369309,78.80754128961314,üî• TOP PRIORITY
CORYELL,1530.0,103.0,27.0,77.0,11.0,6.0,60.0,15.0,0.0,True,TXST,103.0,6.73202614379085,6.73202614379085,True,61.67784508445669,60.4,93.26797385620915,0.0,‚≠ê TXST Territory
CRANE,231.0,0.0,0.0,0.0,0.0,0.0,0.0,0.0,0.0,False,No Data,0.0,0.0,0.0,False,45.80826937281681,100.0,100.0,0.0,‚ö´ Small Market
CROCKETT,127.0,0.0,0.0,0.0,6.0,0.0,0.0,0.0,0.0,True,Texas Tech,6.0,4.724409448818897,0.0,False,40.80665069164015,100.0,95.2755905511811,0.0,‚ö´ Small Market
CROSBY,97.0,0.0,0.0,0.0,0.0,0.0,0.0,0.0,0.0,False,No Data,0.0,0.0,0.0,False,38.56059343362326,100.0,100.0,0.0,‚ö´ Small Market
CULBERSON COU,18.0,0.0,0.0,0.0,0.0,0.0,0.0,0.0,0.0,False,No Data,0.0,0.0,0.0,False,24.76338488635713,100.0,100.0,0.0,‚ö´ Small Market
DALLAM,282.0,0.0,0.0,0.0,56.0,0.0,0.0,0.0,0.0,True,Texas Tech,56.0,19.858156028368796,0.0,False,47.479460559718326,100.0,80.1418439716312,0.0,‚ö´ Small Market
DALLAS,77758.0,1021.0,2854.0,2181.0,1483.0,475.0,154.0,5714.0,561.0,True,UNT,5714.0,7.348440031893824,1.3130481751073846,True,94.71061591178835,92.28,92.65155996810617,93.56961994951541,üî• TOP PRIORITY
DAWSON,274.0,0.0,0.0,0.0,38.0,0.0,0.0,0.0,0.0,True,Texas Tech,38.0,13.86861313868613,0.0,False,47.238290721670815,100.0,86.13138686131387,0.0,‚ö´ Small Market
DEAF SMITH,268.0,0.0,0.0,0.0,23.0,0.0,0.0,0.0,0.0,True,Texas Tech,23.0,8.582089552238806,0.0,False,47.05276359993839,100.0,91.41791044776119,0.0,‚ö´ Small Market
DEAF SMITH CO,286.0,0.0,0.0,0.0,27.0,0.0,0.0,0.0,0.0,True,Texas Tech,27.0,9.44055944055944,0.0,False,47.59750069808685,100.0,90.55944055944056,0.0,‚ö´ Small Market
DELTA,164.0,0.0,0.0,0.0,0.0,0.0,0.0,0.0,0.0,False,No Data,0.0,0.0,0.0,False,42.942133925542606,100.0,100.0,0.0,‚ö´ Small Market
DENTON,23678.0,448.0,945.0,1427.0,1401.0,218.0,58.0,3551.0,141.0,True,UNT,3551.0,14.99704366922882,1.8920516935551988,True,84.71064587771635,88.87,85.00295633077118,86.0169142050124,üî• TOP PRIORITY
DEWITT,701.0,52.0,0.0,35.0,0.0,0.0,18.0,0.0,0.0,True,TXST,52.0,7.417974322396577,7.417974322396577,True,55.12003357916072,56.36,92.58202567760343,0.0,‚≠ê TXST Territory
DICKENS,26.0,0.0,0.0,0.0,0.0,0.0,0.0,0.0,0.0,False,No Data,0.0,0.0,0.0,False,27.718719054118573,100.0,100.0,0.0,‚ö´ Small Market
DIMMIT,433.0,17.0,0.0,0.0,0.0,0.0,39.0,0.0,0.0,True,UTSA,39.0,9.006928406466514,3.9260969976905313,False,51.07565152275302,76.91,90.99307159353349,0.0,‚ö´ Small Market
DONLEY,72.0,0.0,0.0,0.0,8.0,0.0,0.0,0.0,0.0,True,Texas Tech,8.0,11.11111111111111,0.0,False,36.08371551667892,100.0,88.88888888888889,0.0,‚ö´ Small Market
DUVAL,443.0,0.0,0.0,0.0,0.0,0.0,5.0,0.0,0.0,True,UTSA,5.0,1.1286681715575622,0.0,False,51.26723661359524,100.0,98.87133182844244,0.0,‚ö´ Small Market
EASTLAND,478.0,0.0,0.0,0.0,22.0,0.0,0.0,0.0,0.0,True,Texas Tech,22.0,4.602510460251046,0.0,False,51.90537089694178,100.0,95.39748953974896,0.0,‚ö´ Small Market
ECTOR,4939.0,67.0,87.0,57.0,246.0,0.0,86.0,52.0,0.0,True,Texas Tech,246.0,4.980765337112776,1.356549908888439,True,71.52995075294417,92.02,95.01923466288723,82.37482230904953,üî• TOP PRIORITY
EL PASO,38033.0,342.0,782.0,320.0,803.0,0.0,363.0,127.0,17.0,True,Texas Tech,803.0,2.111324376199616,0.8992190992033234,True,88.69618200925046,94.71,97.88867562380038,92.33882612938531,üî• TOP PRIORITY
ELLIS,7393.0,222.0,131.0,258.0,298.0,67.0,7.0,348.0,5.0,True,UNT,348.0,4.707155417286622,3.002840524820777,True,74.92182288651823,82.34,95.29284458271337,81.2214803598018,üî• TOP PRIORITY
ERATH,2998.0,36.0,5.0,19.0,76.0,0.0,0.0,17.0,5.0,True,Texas Tech,76.0,2.535023348899266,1.200800533689126,True,67.3325231680697,92.94,97.46497665110073,81.041256914255,üî• TOP PRIORITY
FALLS,333.0,0.0,0.0,0.0,0.0,0.0,0.0,0.0,0.0,False,No Data,0.0,0.0,0.0,False,48.87298465214183,100.0,100.0,0.0,‚ö´ Small Market
FANNIN,736.0,0.0,0.0,5.0,0.0,0.0,0.0,0.0,0.0,True,Texas A&M,5.0,0.6793478260869565,0.0,True,55.52922861609885,100.0,99.32065217391305,77.62874474283203,üî• TOP PRIORITY
FAYETTE,716.0,15.0,0.0,72.0,0.0,0.0,0.0,0.0,0.0,True,Texas A&M,72.0,10.05586592178771,2.094972067039106,True,55.29784616010299,87.68,89.94413407821229,71.94174989569396,üéØ HIGH OPPORTUNITY
FLOYD,210.0,0.0,0.0,0.0,0.0,0.0,0.0,0.0,0.0,False,No Data,0.0,0.0,0.0,False,45.01031393558289,100.0,100.0,0.0,‚ö´ Small Market
FORT BEND,13934.0,699.0,783.0,1047.0,244.0,117.0,464.0,138.0,1909.0,True,UH,1909.0,13.700301420984642,5.016506387254198,True,80.25167311934894,70.49,86.29969857901536,78.53277627547754,üî• TOP PRIORITY
FORT BEND COU,13868.0,544.0,794.0,943.0,294.0,108.0,442.0,129.0,2071.0,True,UH,2071.0,14.933660224978368,3.922699740409577,True,80.21174536210125,76.93,85.06633977502163,80.19814063605496,üî• TOP PRIORITY
FRANKLIN,344.0,0.0,0.0,0.0,0.0,0.0,0.0,0.0,0.0,False,No Data,0.0,0.0,0.0,False,49.14550463546596,100.0,100.0,0.0,‚ö´ Small Market
FREESTONE,366.0,0.0,0.0,0.0,0.0,0.0,0.0,0.0,0.0,False,No Data,0.0,0.0,0.0,False,49.665402941372434,100.0,100.0,0.0,‚ö´ Small Market
FREESTONE COU,367.0,0.0,0.0,11.0,0.0,0.0,0.0,0.0,0.0,True,Texas A&M,11.0,2.997275204359673,0.0,False,49.68828791276737,100.0,97.00272479564033,0.0,‚ö´ Small Market
FRIO,360.0,9.0,0.0,0.0,0.0,0.0,12.0,0.0,0.0,True,UTSA,12.0,3.3333333333333335,2.5,False,49.52676977271426,85.29,96.66666666666667,0.0,‚ö´ Small Market
GAINES,425.0,5.0,0.0,0.0,34.0,0.0,0.0,0.0,0.0,True,Texas Tech,34.0,8.0,1.1764705882352942,False,50.91917776649494,93.08,92.0,0.0,‚ö´ Small Market
GALVESTON,9107.0,409.0,377.0,636.0,178.0,103.0,134.0,67.0,626.0,True,Texas A&M,636.0,6.983638959042494,4.491050840013177,True,76.67522198742743,73.58,93.0163610409575,79.01488320190522,üî• TOP PRIORITY
GALVESTON COU,8886.0,373.0,409.0,601.0,214.0,70.0,126.0,106.0,640.0,True,UH,640.0,7.202340760747243,4.197614224623003,True,76.46863655018592,75.31,92.79765923925275,79.38685012294351,üî• TOP PRIORITY
GARZA,131.0,0.0,0.0,0.0,5.0,0.0,0.0,0.0,0.0,True,Texas Tech,5.0,3.816793893129771,0.0,False,41.0654471661292,100.0,96.18320610687023,0.0,‚ö´ Small Market
GILLESPIE,364.0,24.0,5.0,42.0,38.0,0.0,15.0,0.0,0.0,True,Texas A&M,42.0,11.538461538461538,6.593406593406594,False,49.619445330846645,61.22,88.46153846153847,0.0,‚ö´ Small Market
GILLESPIE COU,332.0,27.0,16.0,30.0,20.0,0.0,5.0,5.0,0.0,True,Texas A&M,30.0,9.036144578313252,8.132530120481928,False,48.84776657688044,52.16,90.96385542168674,0.0,‚ö´ Small Market
GOLIAD,278.0,20.0,0.0,17.0,0.0,0.0,5.0,0.0,0.0,True,TXST,20.0,7.194244604316546,7.194244604316546,False,47.35974007833186,57.68,92.80575539568345,0.0,‚≠ê TXST Territory
GONZALES,502.0,66.0,6.0,35.0,0.0,0.0,31.0,0.0,0.0,True,TXST,66.0,13.147410358565736,13.147410358565736,True,52.316543046879026,22.66,86.85258964143426,0.0,‚≠ê TXST Territory
GRAY,499.0,0.0,0.0,0.0,43.0,0.0,0.0,0.0,0.0,True,Texas Tech,43.0,8.617234468937877,0.0,False,52.266232497257505,100.0,91.38276553106212,0.0,‚ö´ Small Market
GRAYSON,3926.0,40.0,6.0,71.0,76.0,0.0,0.0,84.0,0.0,True,UNT,84.0,2.139582272032603,1.0188487009679064,True,69.599892689921,94.01,97.8604177279674,82.57502989055399,üî• TOP PRIORITY
GREGG,4276.0,19.0,41.0,138.0,19.0,123.0,0.0,58.0,0.0,True,Texas A&M,138.0,3.2273152478952296,0.4443405051449953,True,70.31792423737203,97.39,96.77268475210477,83.73049906910695,üî• TOP PRIORITY
GRIMES,687.0,0.0,10.0,86.0,0.0,0.0,0.0,0.0,0.0,True,Texas A&M,86.0,12.518195050946144,0.0,True,54.9506133102925,100.0,87.48180494905385,74.97166764495702,üéØ HIGH OPPORTUNITY
GUADALUPE,2604.0,393.0,60.0,142.0,81.0,5.0,247.0,20.0,28.0,True,TXST,393.0,15.092165898617512,15.092165898617512,True,66.1479751800536,11.22,84.90783410138249,0.0,‚≠ê TXST Territory
GUADALUPE COU,2508.0,383.0,80.0,161.0,83.0,0.0,204.0,18.0,11.0,True,TXST,383.0,15.271132376395537,15.271132376395537,True,65.83218474210551,10.17,84.72886762360446,0.0,‚≠ê TXST Territory
HALE,1146.0,0.0,0.0,0.0,161.0,0.0,0.0,0.0,0.0,True,Texas Tech,161.0,14.048865619546246,0.0,True,59.2492145830542,100.0,85.95113438045375,76.81483416761785,üî• TOP PRIORITY
HALL,66.0,0.0,0.0,0.0,0.0,0.0,0.0,0.0,0.0,False,No Data,0.0,0.0,0.0,False,35.3623975227635,100.0,100.0,0.0,‚ö´ Small Market
HAMILTON,263.0,0.0,0.0,0.0,5.0,0.0,0.0,0.0,0.0,True,Texas Tech,5.0,1.9011406844106464,0.0,False,46.894968693506364,100.0,98.09885931558935,0.0,‚ö´ Small Market
HANSFORD,296.0,0.0,0.0,0.0,33.0,0.0,0.0,0.0,0.0,True,Texas Tech,33.0,11.14864864864865,0.0,False,47.88555014745393,100.0,88.85135135135135,0.0,‚ö´ Small Market
HARDEMAN,95.0,0.0,0.0,0.0,5.0,0.0,0.0,0.0,0.0,True,Texas Tech,5.0,5.263157894736842,0.0,False,38.387180654925345,100.0,94.73684210526316,0.0,‚ö´ Small Market
HARDIN,1978.0,67.0,5.0,88.0,8.0,38.0,0.0,0.0,10.0,True,Texas A&M,88.0,4.448938321536906,3.3872598584428717,True,63.83650133858543,80.07,95.5510616784631,75.04946300498533,üî• TOP PRIORITY
HARRIS,145843.0,5386.0,6616.0,7908.0,2462.0,1572.0,2641.0,1081.0,13131.0,True,UH,13131.0,9.003517481126966,3.69301234889573,True,100.0,78.28,90.99648251887304,91.6832965037746,üî• TOP PRIORITY
HARRISON,3480.0,29.0,42.0,83.0,24.0,122.0,0.0,60.0,17.0,True,Stephen F. Austin,122.0,3.505747126436782,0.8333333333333334,True,68.585988588261,95.1,96.49425287356321,82.12184486884314,üî• TOP PRIORITY
HASKELL,134.0,0.0,0.0,0.0,27.0,0.0,0.0,0.0,0.0,True,Texas Tech,27.0,20.149253731343283,0.0,False,41.2544488682863,100.0,79.85074626865672,0.0,‚ö´ Small Market
HAYS,6278.0,1466.0,396.0,426.0,254.0,5.0,258.0,93.0,10.0,True,TXST,1466.0,23.351385791653392,23.351385791653392,True,73.54710377208626,0.0,76.6486142083466,0.0,‚≠ê TXST Territory
HEMPHILL,186.0,0.0,0.0,0.0,32.0,0.0,0.0,0.0,0.0,True,Texas Tech,32.0,17.20430107526882,0.0,False,43.99478371875844,100.0,82.79569892473118,0.0,‚ö´ Small Market
HENDERSON,860.0,0.0,0.0,10.0,0.0,10.0,0.0,0.0,0.0,True,Texas A&M,10.0,1.162790697674419,0.0,True,56.83707371612636,100.0,98.83720930232558,78.18597871852829,üî• TOP PRIORITY
HENDERSON COU,749.0,19.0,0.0,12.0,5.0,6.0,0.0,7.0,0.0,True,TXST,19.0,2.53671562082777,2.53671562082777,True,55.67628398791986,85.08,97.46328437917224,0.0,‚≠ê TXST Territory
HIDALGO,46824.0,928.0,1288.0,1602.0,140.0,5.0,1515.0,43.0,123.0,True,Texas A&M,1602.0,3.421322398769862,1.9818896292499573,True,90.4449762119076,88.34,96.57867760123014,91.04022362619983,üî• TOP PRIORITY
HILL,977.0,6.0,0.0,10.0,5.0,0.0,0.0,0.0,0.0,True,Texas A&M,10.0,1.023541453428864,0.6141248720573182,True,57.90866351934941,96.39,98.97645854657114,77.66662346898893,üî• TOP PRIORITY
HOCKLEY,905.0,0.0,0.0,0.0,48.0,0.0,0.0,0.0,0.0,True,Texas Tech,48.0,5.303867403314917,0.0,True,57.26553079718113,100.0,94.69613259668509,77.57199191792759,üî• TOP PRIORITY
HOOD,1392.0,48.0,13.0,76.0,97.0,0.0,0.0,35.0,0.0,True,Texas Tech,97.0,6.968390804597702,3.4482758620689653,True,60.88340357508072,79.72,93.0316091954023,72.96402362662083,üéØ HIGH OPPORTUNITY
HOPKINS,999.0,0.0,0.0,46.0,34.0,7.0,0.0,19.0,0.0,True,Texas A&M,46.0,4.604604604604605,0.0,True,58.09575402463467,100.0,95.3953953953954,78.12695609139641,üî• TOP PRIORITY
HOUSTON,437.0,0.0,0.0,5.0,0.0,10.0,0.0,0.0,0.0,True,Stephen F. Austin,10.0,2.2883295194508007,0.0,False,51.15281006209561,100.0,97.7116704805492,0.0,‚ö´ Small Market
HOWARD,761.0,0.0,0.0,0.0,33.0,0.0,0.0,0.0,0.0,True,Texas Tech,33.0,4.336399474375821,0.0,True,55.809782375006165,100.0,95.66360052562418,77.03761129262791,üî• TOP PRIORITY
HUDSPETH,53.0,0.0,0.0,0.0,0.0,0.0,0.0,0.0,0.0,False,No Data,0.0,0.0,0.0,False,33.54824058149573,100.0,100.0,0.0,‚ö´ Small Market
HUNT,2344.0,6.0,5.0,6.0,18.0,11.0,0.0,90.0,0.0,True,UNT,90.0,3.839590443686007,0.2559726962457337,True,65.26366329005427,98.49,96.160409556314,81.41091355628993,üî• TOP PRIORITY
HUTCHINSON,362.0,0.0,0.0,0.0,21.0,0.0,0.0,0.0,0.0,True,Texas Tech,21.0,5.801104972375691,0.0,False,49.57323520471023,100.0,94.1988950276243,0.0,‚ö´ Small Market
HUTCHINSON CO,376.0,0.0,0.0,0.0,19.0,0.0,0.0,0.0,0.0,True,Texas Tech,19.0,5.053191489361701,0.0,False,49.89149778835031,100.0,94.9468085106383,0.0,‚ö´ Small Market
IRION,16.0,0.0,0.0,0.0,0.0,0.0,0.0,0.0,0.0,False,No Data,0.0,0.0,0.0,False,23.827952625423084,100.0,100.0,0.0,‚ö´ Small Market
JACK,225.0,0.0,0.0,0.0,12.0,0.0,0.0,0.0,0.0,True,Texas Tech,12.0,5.333333333333334,0.0,False,45.58790160934136,100.0,94.66666666666667,0.0,‚ö´ Small Market
JACKSON,723.0,12.0,0.0,24.0,0.0,0.0,0.0,0.0,0.0,True,Texas A&M,24.0,3.319502074688797,1.6597510373443984,True,55.37955610551696,90.24,96.6804979253112,74.09787763782072,üéØ HIGH OPPORTUNITY
JASPER,987.0,10.0,0.0,17.0,0.0,68.0,0.0,8.0,0.0,True,Stephen F. Austin,68.0,6.889564336372847,1.0131712259371837,True,57.994220938776444,94.04,93.11043566362716,75.83119760211366,üî• TOP PRIORITY
JEFFERSON,3206.0,75.0,55.0,101.0,0.0,30.0,0.0,0.0,61.0,True,Texas A&M,101.0,3.1503431066749847,2.3393636930754833,True,67.89648758734337,86.24,96.84965689332502,79.19017517233668,üî• TOP PRIORITY
JEFFERSON COU,3207.0,74.0,53.0,113.0,0.0,28.0,5.0,19.0,60.0,True,Texas A&M,113.0,3.5235422513252264,2.307452447770502,True,67.8991096362495,86.43,96.47645774867478,79.17384636785971,üî• TOP PRIORITY
JIM HOGG,232.0,0.0,0.0,0.0,0.0,0.0,5.0,0.0,0.0,True,UTSA,5.0,2.1551724137931036,0.0,False,45.84444242556335,100.0,97.84482758620689,0.0,‚ö´ Small Market
JIM WELLS,652.0,12.0,0.0,10.0,0.0,0.0,35.0,0.0,0.0,True,UTSA,35.0,5.368098159509203,1.8404907975460123,True,54.51150126001952,89.17,94.6319018404908,72.93313099810793,üéØ HIGH OPPORTUNITY
JIM WELLS COU,587.0,16.0,7.0,20.0,0.0,0.0,32.0,0.0,0.0,True,UTSA,32.0,5.45144804088586,2.72572402044293,True,53.62968797903994,83.97,94.54855195911414,70.9155543813428,üéØ HIGH OPPORTUNITY
JOHNSON,6080.0,108.0,55.0,202.0,223.0,20.0,0.0,288.0,0.0,True,UNT,288.0,4.736842105263158,1.776315789473684,True,73.27762701120957,89.55,95.26315789473684,82.55644508455215,üî• TOP PRIORITY
JONES,555.0,0.0,0.0,0.0,17.0,0.0,0.0,5.0,0.0,True,Texas Tech,17.0,3.063063063063063,0.0,True,53.159063290325506,100.0,96.93693693693693,75.96691903255014,üî• TOP PRIORITY
KARNES,387.0,19.0,0.0,11.0,0.0,0.0,9.0,0.0,0.0,True,TXST,19.0,4.909560723514212,4.909560723514212,False,50.13337704709719,71.12,95.09043927648578,0.0,‚≠ê TXST Territory
KAUFMAN,5505.0,94.0,58.0,216.0,135.0,116.0,5.0,275.0,7.0,True,UNT,275.0,4.995458673932789,1.7075386012715712,True,72.4422333772163,89.96,95.00454132606721,82.21002495382159,üî• TOP PRIORITY
KENDALL,2720.0,197.0,122.0,319.0,270.0,0.0,300.0,19.0,5.0,True,Texas A&M,319.0,11.727941176470589,7.24264705882353,True,66.51438150154297,57.4,88.2720588235294,68.13160251547737,üéØ HIGH OPPORTUNITY
KERR,1054.0,84.0,44.0,73.0,62.0,0.0,58.0,7.0,0.0,True,TXST,84.0,7.969639468690702,7.969639468690702,True,58.54604374975062,53.12,92.0303605313093,0.0,‚≠ê TXST Territory
KIMBLE,104.0,0.0,0.0,0.0,5.0,0.0,0.0,0.0,0.0,True,Texas Tech,5.0,4.807692307692308,0.0,False,39.140838785330295,100.0,95.1923076923077,0.0,‚ö´ Small Market
KINNEY,116.0,0.0,0.0,0.0,0.0,0.0,0.0,0.0,0.0,False,No Data,0.0,0.0,0.0,False,40.05093903374403,100.0,100.0,0.0,‚ö´ Small Market
KLEBERG,1012.0,13.0,0.0,5.0,0.0,0.0,5.0,0.0,0.0,True,TXST,13.0,1.2845849802371545,1.2845849802371545,True,58.204382343923164,92.44,98.71541501976284,0.0,‚≠ê TXST Territory
KNOX,29.0,0.0,0.0,0.0,0.0,0.0,0.0,0.0,0.0,False,No Data,0.0,0.0,0.0,False,28.604824359584413,100.0,100.0,0.0,‚ö´ Small Market
LA SALLE,185.0,0.0,5.0,0.0,0.0,0.0,13.0,0.0,0.0,True,UTSA,13.0,7.027027027027027,0.0,False,43.9496885876695,100.0,92.97297297297297,0.0,‚ö´ Small Market
LAMAR,1386.0,5.0,0.0,40.0,0.0,6.0,0.0,23.0,0.0,True,Texas A&M,40.0,2.886002886002886,0.3607503607503607,True,60.847100403036045,97.88,97.11399711399712,79.21034962431744,üî• TOP PRIORITY
LAMB,445.0,0.0,0.0,0.0,12.0,0.0,0.0,0.0,0.0,True,Texas Tech,12.0,2.696629213483146,0.0,False,51.305035426876955,100.0,97.30337078651685,0.0,‚ö´ Small Market
LAMPASAS,604.0,48.0,13.0,48.0,21.0,0.0,11.0,7.0,0.0,True,TXST,48.0,7.947019867549669,7.947019867549669,True,53.86939200083843,53.25,92.05298013245033,0.0,‚≠ê TXST Territory
LAVACA,526.0,40.0,0.0,54.0,0.0,0.0,0.0,0.0,0.0,True,Texas A&M,54.0,10.26615969581749,7.604562737642586,True,52.70854666767589,55.27,89.73384030418251,60.882041394674445,üéØ HIGH OPPORTUNITY
LEE,501.0,6.0,0.0,69.0,0.0,0.0,0.0,0.0,0.0,True,Texas A&M,69.0,13.77245508982036,1.1976047904191618,True,52.299806281557856,92.96,86.22754491017965,71.28341212281485,üéØ HIGH OPPORTUNITY
LEON,640.0,0.0,0.0,13.0,0.0,0.0,0.0,0.0,0.0,True,Texas A&M,13.0,2.03125,0.0,True,54.35551122166532,100.0,97.96875,76.77150561083266,üî• TOP PRIORITY
LIBERTY,2274.0,20.0,0.0,59.0,0.0,33.0,0.0,0.0,37.0,True,Texas A&M,59.0,2.594547053649956,0.8795074758135445,True,65.00878857912348,94.83,97.40545294635004,80.43448487883174,üî• TOP PRIORITY
LIMESTONE,288.0,5.0,0.0,6.0,0.0,0.0,0.0,0.0,0.0,True,Texas A&M,6.0,2.083333333333333,1.7361111111111112,False,47.65590525084617,89.79,97.91666666666667,0.0,‚ö´ Small Market
LIMESTONE COU,299.0,5.0,0.0,5.0,0.0,0.0,0.0,0.0,0.0,True,TXST,5.0,1.6722408026755853,1.6722408026755853,False,47.9700757011293,90.16,98.32775919732441,0.0,‚≠ê TXST Territory
LIPSCOMB,9.0,0.0,0.0,0.0,0.0,0.0,0.0,0.0,0.0,False,No Data,0.0,0.0,0.0,False,19.36525134154489,100.0,100.0,0.0,‚ö´ Small Market
LIVE OAK,350.0,6.0,0.0,12.0,5.0,0.0,7.0,0.0,0.0,True,Texas A&M,12.0,3.428571428571429,1.7142857142857144,False,49.29051205178355,89.92,96.57142857142857,0.0,‚ö´ Small Market
LLANO,305.0,21.0,0.0,37.0,20.0,0.0,0.0,0.0,0.0,True,Texas A&M,37.0,12.131147540983608,6.885245901639345,False,48.1366201888793,59.5,87.8688524590164,0.0,‚ö´ Small Market
LUBBOCK,8674.0,86.0,99.0,92.0,2585.0,0.0,5.0,92.0,7.0,True,Texas Tech,2585.0,29.80170624855891,0.9914687572054416,True,76.26557839799544,94.17,70.19829375144108,80.42344794928593,üî• TOP PRIORITY
LYNN,192.0,0.0,0.0,0.0,32.0,0.0,0.0,0.0,0.0,True,Texas Tech,32.0,16.666666666666664,0.0,False,44.26039174444052,100.0,83.33333333333334,0.0,‚ö´ Small Market
MADISON,408.0,0.0,0.0,50.0,0.0,0.0,0.0,0.0,6.0,True,Texas A&M,50.0,12.254901960784313,0.0,False,50.57667829413324,100.0,87.74509803921569,0.0,‚ö´ Small Market
MARION,203.0,0.0,0.0,0.0,0.0,10.0,0.0,0.0,0.0,True,Stephen F. Austin,10.0,4.926108374384237,0.0,False,44.72656869821694,100.0,95.07389162561576,0.0,‚ö´ Small Market
MARTIN,175.0,0.0,0.0,0.0,11.0,0.0,0.0,0.0,0.0,True,Texas Tech,11.0,6.2857142857142865,0.0,False,43.48491720284401,100.0,93.71428571428571,0.0,‚ö´ Small Market
MASON,199.0,5.0,0.0,10.0,35.0,0.0,0.0,0.0,0.0,True,Texas Tech,35.0,17.587939698492463,2.512562814070352,False,44.56002421046694,85.22,82.41206030150754,0.0,‚ö´ Small Market
MATAGORDA,665.0,19.0,0.0,6.0,0.0,0.0,0.0,0.0,0.0,True,TXST,19.0,2.857142857142857,2.857142857142857,True,54.677288104257606,83.19,97.14285714285714,0.0,‚≠ê TXST Territory
MATAGORDA COU,654.0,6.0,5.0,22.0,0.0,0.0,5.0,0.0,0.0,True,Texas A&M,22.0,3.3639143730886847,0.9174311926605504,True,54.537220612780004,94.6,96.63608562691131,74.97582743177226,üéØ HIGH OPPORTUNITY
MAVERICK,3396.0,132.0,212.0,61.0,45.0,0.0,345.0,0.0,0.0,True,UTSA,345.0,10.159010600706711,3.886925795053003,True,68.380552776148,77.14,89.84098939929329,75.30047426793266,üî• TOP PRIORITY
MCCULLOCH,96.0,0.0,0.0,0.0,0.0,0.0,0.0,0.0,0.0,False,No Data,0.0,0.0,0.0,False,38.47433399234287,100.0,100.0,0.0,‚ö´ Small Market
MCCULLOCH COU,91.0,0.0,0.0,0.0,7.0,0.0,0.0,0.0,0.0,True,Texas Tech,7.0,7.6923076923076925,0.0,False,38.02924485801304,100.0,92.3076923076923,0.0,‚ö´ Small Market
MCLENNAN,10456.0,151.0,197.0,366.0,152.0,7.0,10.0,263.0,7.0,True,Texas A&M,366.0,3.500382555470543,1.444146901300689,True,77.83682889077775,91.51,96.49961744452946,85.67133793429477,üî• TOP PRIORITY
MCMULLEN,26.0,0.0,0.0,0.0,0.0,0.0,0.0,0.0,0.0,False,No Data,0.0,0.0,0.0,False,27.718719054118573,100.0,100.0,0.0,‚ö´ Small Market
MEDINA,1863.0,91.0,21.0,110.0,71.0,0.0,219.0,0.0,0.0,True,UTSA,219.0,11.755233494363928,4.884594739667204,True,63.33300700769484,71.27,88.24476650563608,70.69645680497463,üéØ HIGH OPPORTUNITY
MENARD,17.0,0.0,0.0,0.0,0.0,0.0,0.0,0.0,0.0,False,No Data,0.0,0.0,0.0,False,24.30866756345621,100.0,100.0,0.0,‚ö´ Small Market
MIDLAND,4221.0,68.0,88.0,146.0,407.0,0.0,21.0,45.0,0.0,True,Texas Tech,407.0,9.642264866145462,1.610992655768775,True,70.20907174738845,90.52,90.35773513385453,80.33208290046514,üî• TOP PRIORITY
MILAM,742.0,5.0,0.0,38.0,0.0,0.0,0.0,0.0,0.0,True,Texas A&M,38.0,5.121293800539084,0.6738544474393532,True,55.59741997723735,96.04,94.87870619946092,75.58645122851087,üî• TOP PRIORITY
MILLS,164.0,0.0,0.0,0.0,0.0,0.0,0.0,0.0,0.0,False,No Data,0.0,0.0,0.0,False,42.942133925542606,100.0,100.0,0.0,‚ö´ Small Market
MITCHELL,168.0,0.0,0.0,0.0,0.0,0.0,0.0,0.0,0.0,False,No Data,0.0,0.0,0.0,False,43.14358599532997,100.0,100.0,0.0,‚ö´ Small Market
MONTAGUE,431.0,0.0,0.0,5.0,5.0,0.0,0.0,5.0,0.0,True,Texas A&M,5.0,1.160092807424594,0.0,False,51.03680516362723,100.0,98.83990719257541,0.0,‚ö´ Small Market
MONTGOMERY,10757.0,542.0,434.0,1021.0,284.0,196.0,117.0,106.0,281.0,True,Texas A&M,1021.0,9.491493910941712,5.038579529608627,True,78.07549461268476,70.36,90.50850608905829,78.24744852415404,üî• TOP PRIORITY
MONTGOMERY CO,9422.0,435.0,436.0,869.0,284.0,133.0,155.0,104.0,295.0,True,Texas A&M,869.0,9.22309488431331,4.616854171088941,True,76.96117256485428,72.84,90.77690511568669,78.48796730556448,üî• TOP PRIORITY
MOORE,870.0,0.0,0.0,0.0,29.0,0.0,0.0,0.0,0.0,True,Texas Tech,29.0,3.3333333333333335,0.0,True,56.93419052042849,100.0,96.66666666666667,77.80042859354758,üî• TOP PRIORITY
MORRIS,345.0,5.0,0.0,0.0,0.0,9.0,0.0,0.0,0.0,True,Stephen F. Austin,9.0,2.608695652173913,1.4492753623188406,False,49.16984682843139,91.47,97.3913043478261,0.0,‚ö´ Small Market
NACOGDOCHES,887.0,11.0,8.0,31.0,0.0,338.0,0.0,5.0,0.0,True,Stephen F. Austin,338.0,38.10597519729425,1.2401352874859075,True,57.096758140972405,92.71,61.89402480270575,68.74018403102735,üéØ HIGH OPPORTUNITY
NACOGDOCHES C,876.0,0.0,19.0,34.0,0.0,254.0,0.0,7.0,0.0,True,Stephen F. Austin,254.0,28.99543378995434,0.0,True,56.99192682359778,100.0,71.00456621004565,72.69687665380802,üéØ HIGH OPPORTUNITY
NAVARRO,1813.0,10.0,26.0,38.0,0.0,0.0,0.0,27.0,0.0,True,Texas A&M,38.0,2.095973524544953,0.5515719801434087,True,63.104330010880616,96.76,97.90402647545504,80.16097030053132,üî• TOP PRIORITY
NEWTON,233.0,0.0,0.0,0.0,0.0,19.0,0.0,0.0,10.0,True,Stephen F. Austin,19.0,8.15450643776824,0.0,False,45.8804605611212,100.0,91.84549356223175,0.0,‚ö´ Small Market
NOLAN,440.0,0.0,0.0,5.0,33.0,0.0,0.0,0.0,0.0,True,Texas Tech,33.0,7.5,0.0,False,51.210217942325144,100.0,92.5,0.0,‚ö´ Small Market
NUECES,11131.0,319.0,348.0,436.0,88.0,0.0,544.0,24.0,62.0,True,UTSA,544.0,4.887251819243554,2.865870092534363,True,78.36290704468375,83.14,95.11274818075644,83.14600315849316,üî• TOP PRIORITY
OCHILTREE,212.0,0.0,0.0,0.0,25.0,0.0,0.0,0.0,0.0,True,Texas Tech,25.0,11.79245283018868,0.0,False,45.08965623911778,100.0,88.20754716981132,0.0,‚ö´ Small Market
OCHILTREE COU,205.0,0.0,0.0,0.0,25.0,0.0,0.0,0.0,0.0,True,Texas Tech,25.0,12.195121951219512,0.0,False,44.80862029341049,100.0,87.8048780487805,0.0,‚ö´ Small Market
OLDHAM,201.0,0.0,0.0,0.0,17.0,0.0,0.0,0.0,0.0,True,Texas Tech,17.0,8.45771144278607,0.0,False,44.643708699908586,100.0,91.54228855721394,0.0,‚ö´ Small Market
ORANGE,2535.0,35.0,10.0,60.0,0.0,18.0,0.0,0.0,0.0,True,Texas A&M,60.0,2.366863905325444,1.3806706114398422,True,65.92220581507708,91.88,97.63313609467455,80.05173012647344,üî• TOP PRIORITY
PALO PINTO,236.0,0.0,0.0,0.0,7.0,0.0,0.0,0.0,0.0,True,Texas Tech,7.0,2.9661016949152543,0.0,False,45.987598593403675,100.0,97.03389830508475,0.0,‚ö´ Small Market
PALO PINTO CO,246.0,0.0,0.0,0.0,0.0,0.0,0.0,0.0,0.0,False,No Data,0.0,0.0,0.0,False,46.335177884022116,100.0,100.0,0.0,‚ö´ Small Market
PANOLA,932.0,0.0,0.0,29.0,5.0,40.0,0.0,0.0,0.0,True,Stephen F. Austin,40.0,4.291845493562231,0.0,True,57.512504485791446,100.0,95.70815450643777,77.89788314418328,üî• TOP PRIORITY
PARKER,4257.0,58.0,78.0,235.0,300.0,12.0,0.0,114.0,0.0,True,Texas Tech,300.0,7.047216349541931,1.3624618275781066,True,70.2804797199427,91.99,92.95278365045807,81.32779659006297,üî• TOP PRIORITY
PARMER,333.0,0.0,0.0,0.0,13.0,0.0,0.0,0.0,0.0,True,Texas Tech,13.0,3.903903903903904,0.0,False,48.87298465214183,100.0,96.09609609609609,0.0,‚ö´ Small Market
PECOS,331.0,0.0,0.0,0.0,19.0,0.0,27.0,0.0,0.0,True,UTSA,27.0,8.157099697885197,0.0,False,48.8224726576695,100.0,91.8429003021148,0.0,‚ö´ Small Market
POLK,853.0,5.0,11.0,49.0,0.0,53.0,0.0,0.0,0.0,True,Stephen F. Austin,53.0,6.213364595545135,0.5861664712778429,True,56.76841846304259,96.55,93.78663540445487,76.10653631241226,üî• TOP PRIORITY
POTTER,6744.0,14.0,107.0,107.0,381.0,0.0,0.0,51.0,0.0,True,Texas Tech,381.0,5.649466192170818,0.2075919335705812,True,74.1491979216031,98.78,94.35053380782918,85.57870572236739,üî• TOP PRIORITY
PRESIDIO,239.0,0.0,0.0,0.0,0.0,0.0,0.0,0.0,0.0,False,No Data,0.0,0.0,0.0,False,46.09338894171591,100.0,100.0,0.0,‚ö´ Small Market
RAINS,253.0,0.0,0.0,0.0,0.0,0.0,0.0,9.0,0.0,True,UNT,9.0,3.557312252964427,0.0,False,46.57020935696664,100.0,96.44268774703558,0.0,‚ö´ Small Market
RANDALL,2084.0,13.0,13.0,36.0,218.0,0.0,0.0,18.0,0.0,True,Texas Tech,218.0,10.460652591170826,0.6238003838771593,True,64.27532306777842,96.33,89.53934740882917,78.94453101565503,üî• TOP PRIORITY
REAGAN,114.0,0.0,0.0,0.0,5.0,0.0,0.0,0.0,0.0,True,Texas Tech,5.0,4.385964912280701,0.0,False,39.90593161742644,100.0,95.6140350877193,0.0,‚ö´ Small Market
REAL,32.0,0.0,0.0,0.0,0.0,0.0,0.0,0.0,0.0,False,No Data,0.0,0.0,0.0,False,29.40640411137488,100.0,100.0,0.0,‚ö´ Small Market
RED RIVER,114.0,0.0,0.0,0.0,0.0,0.0,0.0,0.0,0.0,False,No Data,0.0,0.0,0.0,False,39.90593161742644,100.0,100.0,0.0,‚ö´ Small Market
RED RIVER COU,182.0,0.0,0.0,0.0,0.0,0.0,0.0,0.0,0.0,False,No Data,0.0,0.0,0.0,False,43.812934000581905,100.0,100.0,0.0,‚ö´ Small Market
REEVES,335.0,5.0,0.0,0.0,32.0,0.0,5.0,0.0,0.0,True,Texas Tech,32.0,9.55223880597015,1.4925373134328357,False,48.92319508067123,91.22,90.44776119402985,0.0,‚ö´ Small Market
REFUGIO,225.0,0.0,0.0,0.0,0.0,0.0,0.0,0.0,0.0,False,No Data,0.0,0.0,0.0,False,45.58790160934136,100.0,100.0,0.0,‚ö´ Small Market
ROBERTSON,307.0,0.0,0.0,39.0,0.0,0.0,0.0,0.0,0.0,True,Texas A&M,39.0,12.703583061889251,0.0,False,48.191410101212725,100.0,87.29641693811075,0.0,‚ö´ Small Market
ROBERTSON COU,233.0,0.0,0.0,17.0,0.0,0.0,0.0,0.0,0.0,True,Texas A&M,17.0,7.296137339055794,0.0,False,45.8804605611212,100.0,92.70386266094421,0.0,‚ö´ Small Market
ROCKWALL,4660.0,130.0,145.0,288.0,370.0,131.0,11.0,307.0,0.0,True,Texas Tech,370.0,7.939914163090128,2.7896995708154506,True,71.04101986949465,83.59,92.06008583690988,79.0095271021293,üî• TOP PRIORITY
RUNNELS,421.0,0.0,0.0,0.0,17.0,0.0,0.0,0.0,0.0,True,Texas Tech,17.0,4.038004750593824,0.0,False,50.83983546296006,100.0,95.96199524940617,0.0,‚ö´ Small Market
RUSK,1504.0,0.0,10.0,16.0,0.0,59.0,0.0,0.0,0.0,True,Stephen F. Austin,59.0,3.922872340425532,0.0,True,61.53379296807462,100.0,96.07712765957447,79.9823220159522,üî• TOP PRIORITY
SABINE,198.0,0.0,0.0,0.0,0.0,17.0,0.0,0.0,0.0,True,Stephen F. Austin,17.0,8.585858585858585,0.0,False,44.51786762195767,100.0,91.41414141414141,0.0,‚ö´ Small Market
SAN AUGUSTINE,138.0,0.0,0.0,0.0,0.0,7.0,0.0,0.0,0.0,True,Stephen F. Austin,7.0,5.072463768115942,0.0,False,41.500020235571164,100.0,94.92753623188406,0.0,‚ö´ Small Market
SAN JACINTO,177.0,0.0,0.0,0.0,0.0,0.0,0.0,0.0,0.0,False,No Data,0.0,0.0,0.0,False,43.579948968751765,100.0,100.0,0.0,‚ö´ Small Market
SAN JACINTO C,188.0,0.0,0.0,0.0,0.0,0.0,0.0,0.0,0.0,False,No Data,0.0,0.0,0.0,False,44.084255007241616,100.0,100.0,0.0,‚ö´ Small Market
SAN PATRICIO,2372.0,85.0,0.0,58.0,7.0,0.0,73.0,0.0,0.0,True,TXST,85.0,3.583473861720068,3.583473861720068,True,65.36348905312676,78.92,96.41652613827993,0.0,‚≠ê TXST Territory
SAN SABA,138.0,0.0,0.0,0.0,0.0,0.0,0.0,0.0,0.0,False,No Data,0.0,0.0,0.0,False,41.500020235571164,100.0,100.0,0.0,‚ö´ Small Market
SCHLEICHER,73.0,0.0,0.0,0.0,0.0,0.0,0.0,0.0,0.0,False,No Data,0.0,0.0,0.0,False,36.198142068178555,100.0,100.0,0.0,‚ö´ Small Market
SCHLEICHER CO,60.0,0.0,0.0,0.0,0.0,0.0,0.0,0.0,0.0,False,No Data,0.0,0.0,0.0,False,34.573360982542376,100.0,100.0,0.0,‚ö´ Small Market
SCURRY,477.0,14.0,0.0,0.0,56.0,0.0,0.0,0.0,0.0,True,Texas Tech,56.0,11.740041928721174,2.9350104821802936,False,51.887794669440645,82.74,88.25995807127883,0.0,‚ö´ Small Market
SHACKELFORD,74.0,0.0,0.0,0.0,18.0,0.0,0.0,0.0,0.0,True,Texas Tech,18.0,24.324324324324326,0.0,False,36.311032646374976,100.0,75.67567567567568,0.0,‚ö´ Small Market
SHACKELFORD C,64.0,0.0,0.0,0.0,6.0,0.0,0.0,0.0,0.0,True,Texas Tech,6.0,9.375,0.0,False,35.10752281183271,100.0,90.625,0.0,‚ö´ Small Market
SHELBY,1045.0,0.0,0.0,5.0,0.0,107.0,0.0,0.0,0.0,True,Stephen F. Austin,107.0,10.239234449760763,0.0,True,58.4739900047062,100.0,89.76076555023924,77.18914811240094,üî• TOP PRIORITY
SHERMAN,94.0,0.0,0.0,0.0,0.0,0.0,0.0,0.0,0.0,False,No Data,0.0,0.0,0.0,False,38.299114700524854,100.0,100.0,0.0,‚ö´ Small Market
SMITH,7426.0,21.0,94.0,224.0,79.0,139.0,0.0,70.0,0.0,True,Texas A&M,224.0,3.016428763802854,0.2827901966065176,True,74.9592748503515,98.34,96.98357123619715,86.37835167241518,üî• TOP PRIORITY
SOMERVELL,126.0,0.0,0.0,6.0,15.0,0.0,0.0,0.0,0.0,True,Texas Tech,15.0,11.904761904761903,0.0,False,40.740687829589476,100.0,88.0952380952381,0.0,‚ö´ Small Market
SOMERVELL COU,182.0,5.0,0.0,11.0,8.0,0.0,0.0,0.0,0.0,True,Texas A&M,11.0,6.043956043956044,2.7472527472527473,False,43.812934000581905,83.84,93.95604395604396,0.0,‚ö´ Small Market
STARR,3627.0,19.0,88.0,66.0,0.0,0.0,134.0,0.0,0.0,True,UTSA,134.0,3.694513371932727,0.5238489109456851,True,68.93385153825778,96.92,96.30548662806727,82.80402309474235,üî• TOP PRIORITY
STEPHENS,260.0,0.0,0.0,0.0,0.0,0.0,0.0,0.0,0.0,False,No Data,0.0,0.0,0.0,False,46.79885082676437,100.0,100.0,0.0,‚ö´ Small Market
STERLING,57.0,0.0,0.0,0.0,12.0,0.0,0.0,0.0,0.0,True,Texas Tech,12.0,21.052631578947366,0.0,False,34.14922631806248,100.0,78.94736842105263,0.0,‚ö´ Small Market
SUTTON,193.0,5.0,0.0,0.0,13.0,0.0,6.0,0.0,0.0,True,Texas Tech,13.0,6.7357512953367875,2.5906735751295336,False,44.30385551972003,84.76,93.26424870466322,0.0,‚ö´ Small Market
SWISHER,128.0,0.0,0.0,0.0,0.0,0.0,0.0,0.0,0.0,False,No Data,0.0,0.0,0.0,False,40.87210021882337,100.0,100.0,0.0,‚ö´ Small Market
TARRANT,55816.0,1081.0,2008.0,2293.0,1943.0,379.0,121.0,4853.0,360.0,True,UNT,4853.0,8.694639529883904,1.9367206535760355,True,91.92232615252345,88.61,91.3053604701161,90.80523517028494,üî• TOP PRIORITY
TAYLOR,5572.0,106.0,76.0,232.0,496.0,11.0,13.0,150.0,76.0,True,Texas Tech,496.0,8.90165111270639,1.9023689877961232,True,72.54395586659071,88.81,91.09834888729361,81.13464771075408,üî• TOP PRIORITY
TERRY,223.0,0.0,0.0,0.0,8.0,0.0,0.0,0.0,0.0,True,Texas Tech,8.0,3.587443946188341,0.0,False,45.513143590008866,100.0,96.41255605381166,0.0,‚ö´ Small Market
TITUS,1308.0,0.0,11.0,35.0,10.0,5.0,0.0,6.0,0.0,True,Texas A&M,35.0,2.675840978593272,0.0,True,60.36031967188148,100.0,97.32415902140673,79.64499164022209,üî• TOP PRIORITY
TOM GREEN,1737.0,20.0,40.0,43.0,139.0,0.0,18.0,10.0,0.0,True,Texas Tech,139.0,8.00230282095567,1.1514104778353482,True,62.74437819607667,93.23,91.99769717904434,77.7407285338472,üî• TOP PRIORITY
TOM GREEN COU,1533.0,23.0,27.0,48.0,103.0,0.0,5.0,7.0,0.0,True,Texas Tech,103.0,6.718851924331376,1.5003261578604044,True,61.69430881917265,91.17,93.28114807566863,76.85438402472005,üî• TOP PRIORITY
TRAVIS,26933.0,3335.0,3129.0,1621.0,700.0,53.0,1449.0,551.0,453.0,True,TXST,3335.0,12.382578992314262,12.382578992314262,True,85.79388959094369,27.16,87.61742100768573,0.0,‚≠ê TXST Territory
TRINITY,287.0,0.0,0.0,0.0,0.0,10.0,0.0,0.0,0.0,True,Stephen F. Austin,10.0,3.484320557491289,0.0,False,47.626753672964874,100.0,96.51567944250871,0.0,‚ö´ Small Market
TYLER,431.0,0.0,0.0,0.0,0.0,55.0,0.0,0.0,0.0,True,Stephen F. Austin,55.0,12.761020881670534,0.0,False,51.03680516362723,100.0,87.23897911832947,0.0,‚ö´ Small Market
UPSHUR,1277.0,5.0,0.0,15.0,0.0,15.0,0.0,0.0,0.0,True,Texas A&M,15.0,1.1746280344557558,0.3915426781519185,True,60.15875078453446,97.7,98.82537196554425,79.15444978537607,üî• TOP PRIORITY
UPTON,106.0,0.0,0.0,0.0,0.0,0.0,0.0,0.0,0.0,False,No Data,0.0,0.0,0.0,False,39.299526923327946,100.0,100.0,0.0,‚ö´ Small Market
UVALDE,867.0,20.0,0.0,21.0,11.0,0.0,58.0,0.0,0.0,True,UTSA,58.0,6.6897347174163775,2.306805074971165,True,56.90517305013019,86.43,93.31026528258363,73.04363958158183,üéØ HIGH OPPORTUNITY
VAL VERDE,887.0,45.0,31.0,46.0,29.0,0.0,103.0,0.0,0.0,True,UTSA,103.0,11.61217587373168,5.0732807215332585,True,57.096758140972405,70.16,88.38782412626833,67.27394389573986,üéØ HIGH OPPORTUNITY
VAL VERDE COU,840.0,44.0,43.0,52.0,25.0,0.0,87.0,0.0,0.0,True,UTSA,87.0,10.357142857142858,5.238095238095238,True,56.63940958137065,69.19,89.64285714285714,67.00527621925676,üéØ HIGH OPPORTUNITY
VAN ZANDT,895.0,0.0,0.0,16.0,0.0,12.0,0.0,0.0,0.0,True,Texas A&M,16.0,1.7877094972067038,0.0,True,57.17218664476319,100.0,98.2122905027933,78.22855142294026,üî• TOP PRIORITY
VAN ZANDT COU,972.0,0.0,0.0,31.0,0.0,7.0,0.0,0.0,0.0,True,Texas A&M,31.0,3.189300411522634,0.0,True,57.865556188694214,100.0,96.81069958847736,78.29491801204259,üî• TOP PRIORITY
VICTORIA,1969.0,120.0,60.0,96.0,0.0,0.0,75.0,0.0,5.0,True,TXST,120.0,6.094464195022854,6.094464195022854,True,63.79816650585012,64.15,93.90553580497715,0.0,‚≠ê TXST Territory
WALKER,1727.0,36.0,25.0,74.0,12.0,0.0,36.0,23.0,12.0,True,Texas A&M,74.0,4.284887087434859,2.0845396641574987,True,62.695848218381556,87.74,95.71511291256515,76.8129466917038,üî• TOP PRIORITY
WALLER,1505.0,70.0,27.0,124.0,10.0,0.0,12.0,0.0,21.0,True,Texas A&M,124.0,8.23920265780731,4.651162790697675,True,61.539379299597385,72.64,91.76079734219269,70.91384911823724,üéØ HIGH OPPORTUNITY
WARD,326.0,0.0,0.0,0.0,17.0,0.0,0.0,0.0,0.0,True,Texas Tech,17.0,5.214723926380368,0.0,False,48.694849240583295,100.0,94.78527607361963,0.0,‚ö´ Small Market
WASHINGTON,531.0,24.0,6.0,59.0,0.0,0.0,6.0,0.0,0.0,True,Texas A&M,59.0,11.11111111111111,4.519774011299435,True,52.7879638942345,73.41,88.88888888888889,66.19475972489502,üéØ HIGH OPPORTUNITY
WASHINGTON CO,532.0,0.0,8.0,47.0,5.0,0.0,6.0,0.0,0.0,True,Texas A&M,47.0,8.834586466165414,0.0,True,52.803757742628775,100.0,91.16541353383458,74.6349615780813,üéØ HIGH OPPORTUNITY
WEBB,14937.0,200.0,410.0,343.0,6.0,0.0,596.0,12.0,26.0,True,UTSA,596.0,3.990091718551249,1.338956952533976,True,80.83622256617844,92.12,96.00990828144874,87.25609293937896,üî• TOP PRIORITY
WHARTON,1830.0,30.0,9.0,107.0,0.0,0.0,0.0,0.0,0.0,True,Texas A&M,107.0,5.8469945355191255,1.639344262295082,True,63.1827798365313,90.36,94.15300546448087,77.52999101116183,üî• TOP PRIORITY
WHEELER,76.0,0.0,0.0,0.0,0.0,0.0,0.0,0.0,0.0,False,No Data,0.0,0.0,0.0,False,36.532367046458404,100.0,100.0,0.0,‚ö´ Small Market
WICHITA,2896.0,31.0,76.0,99.0,177.0,0.0,0.0,105.0,0.0,True,Texas Tech,177.0,6.111878453038674,1.0704419889502763,True,67.04150274110397,93.7,93.88812154696133,80.40837567994424,üî• TOP PRIORITY
WILBARGER,170.0,0.0,0.0,0.0,16.0,0.0,0.0,0.0,0.0,True,Texas Tech,16.0,9.411764705882351,0.0,False,43.24253092243618,100.0,90.58823529411765,0.0,‚ö´ Small Market
WILBARGER COU,135.0,0.0,0.0,0.0,0.0,0.0,0.0,0.0,0.0,False,No Data,0.0,0.0,0.0,False,41.31651720755458,100.0,100.0,0.0,‚ö´ Small Market
WILLACY,747.0,0.0,0.0,5.0,0.0,0.0,12.0,0.0,0.0,True,UTSA,12.0,1.6064257028112447,0.0,True,55.65382677351277,100.0,98.39357429718875,77.50562824619414,üî• TOP PRIORITY
WILLIAMSON,13449.0,1346.0,1226.0,1347.0,638.0,73.0,613.0,399.0,100.0,True,Texas A&M,1347.0,10.015614543832257,10.008179046769277,True,79.953744755651,41.13,89.98438545616774,70.31274946905904,üéØ HIGH OPPORTUNITY
WILLIAMSON CO,13041.0,1198.0,1132.0,1208.0,713.0,68.0,514.0,345.0,139.0,True,Texas A&M,1208.0,9.263093321064336,9.186412084962807,True,79.6946747100184,45.96,90.73690667893567,71.78271869079633,üéØ HIGH OPPORTUNITY
WILSON,1798.0,135.0,27.0,124.0,64.0,0.0,139.0,0.0,0.0,True,UTSA,139.0,7.730812013348165,7.508342602892102,True,63.03449660274787,55.83,92.26918798665183,66.7200858987043,üéØ HIGH OPPORTUNITY
WINKLER,197.0,0.0,0.0,0.0,5.0,0.0,0.0,0.0,0.0,True,Texas Tech,5.0,2.538071065989848,0.0,False,44.475498656791565,100.0,97.46192893401015,0.0,‚ö´ Small Market
WISE,1495.0,0.0,0.0,42.0,67.0,0.0,0.0,51.0,0.0,True,Texas Tech,67.0,4.481605351170568,0.0,True,61.48334830088993,100.0,95.51839464882943,79.84535308021086,üî• TOP PRIORITY
WOOD,1061.0,0.0,0.0,11.0,0.0,8.0,0.0,7.0,0.0,True,Texas A&M,11.0,1.0367577756833175,0.0,True,58.60166185758672,100.0,98.96324222431669,79.09347937365669,üî• TOP PRIORITY
YOAKUM,354.0,0.0,0.0,0.0,0.0,0.0,0.0,0.0,0.0,False,No Data,0.0,0.0,0.0,False,49.38581303524598,100.0,100.0,0.0,‚ö´ Small Market
YOUNG,547.0,0.0,0.0,0.0,47.0,0.0,0.0,24.0,0.0,True,Texas Tech,47.0,8.592321755027422,0.0,True,53.037173884386505,100.0,91.40767824497257,74.80012259118777,üéØ HIGH OPPORTUNITY
ZAPATA,639.0,7.0,0.0,5.0,0.0,0.0,18.0,0.0,0.0,True,UTSA,18.0,2.8169014084507045,1.0954616588419406,True,54.342380505807874,93.56,97.1830985915493,74.6758099712138,üéØ HIGH OPPORTUNITY
ZAVALA,471.0,12.0,0.0,0.0,0.0,0.0,24.0,0.0,0.0,True,UTSA,24.0,5.095541401273886,2.547770700636943,False,51.78155887626199,85.01,94.90445859872611,0.0,‚ö´ Small Market
