County,Total_All_Schools,TXST,UT Austin,Texas A&M,Texas Tech,Stephen F. Austin,UTSA,UNT,UH,Has_Data,Dominant_School,Dominant_Enrollment,Dominant_Share,TXST_Market_Share,College_Ready_Rate,TSI_Ready_Rate,Participation_Rate,High_Academic_Performance,Low_TXST_Presence,Large_Market,High_Participation,Prime_Target,Academic_Score,Market_Score,TXST_Gap_Score,Participation_Score,Strategic_Opportunity_Score,Opportunity_Tier
ECTOR,4939.0,67.0,87.0,57.0,246.0,0.0,86.0,52.0,0.0,True,Texas Tech,246.0,4.980765337112776,1.356549908888439,39.166666666666664,45.36666666666667,90.6,True,True,True,True,True,78.33333333333333,71.52995075294417,98.64345009111156,90.6,81.5810085774389,Tier 1: Prime Target
COLLIN,44777.0,969.0,3054.0,3219.0,2713.0,464.0,125.0,3253.0,332.0,True,UNT,3253.0,7.264890457154342,2.164057440203676,30.573333333333338,45.10666666666667,84.38000000000001,True,True,True,True,True,61.14666666666667,90.06903676644329,97.83594255979632,84.38000000000001,79.48456620855892,Tier 1: Prime Target
DENTON,23678.0,448.0,945.0,1427.0,1401.0,218.0,58.0,3551.0,141.0,True,UNT,3551.0,14.99704366922882,1.8920516935551988,27.914285714285715,40.535714285714285,78.80000000000001,True,True,True,True,True,55.82857142857143,84.71064587771635,98.1079483064448,78.80000000000001,75.24621199603244,Tier 1: Prime Target
TRAVIS,26933.0,3335.0,3129.0,1621.0,700.0,53.0,1449.0,551.0,453.0,True,TXST,3335.0,12.382578992314262,12.382578992314262,26.61875,38.53684210526316,84.62105263157895,True,False,True,True,False,53.23749999999999,85.79388959094369,87.61742100768573,84.62105263157895,73.01875634197815,Tier 3: High Performers (TXST Present)
HEMPHILL,186.0,0.0,0.0,0.0,32.0,0.0,0.0,0.0,0.0,True,Texas Tech,32.0,17.20430107526882,0.0,35.6,47.9,100.0,True,True,False,True,False,71.2,43.99478371875844,100.0,100.0,71.67843511562754,Tier 2: Strong Opportunity
HAYS,6278.0,1466.0,396.0,426.0,254.0,5.0,258.0,93.0,10.0,True,TXST,1466.0,23.351385791653392,23.351385791653392,34.2,45.72,68.03999999999999,True,False,True,False,False,68.4,73.54710377208626,76.6486142083466,68.03999999999999,71.55785397329521,Tier 3: High Performers (TXST Present)
BRAZOS,5170.0,117.0,172.0,1212.0,29.0,41.0,31.0,56.0,11.0,True,Texas A&M,1212.0,23.44294003868472,2.263056092843327,29.65,43.75,63.7,True,True,True,False,True,59.3,71.91430429951751,97.73694390715667,63.7,71.2116800712866,Tier 1: Prime Target
LIVE OAK,350.0,6.0,0.0,12.0,5.0,0.0,7.0,0.0,0.0,True,Texas A&M,12.0,3.428571428571429,1.7142857142857144,37.0,25.55,70.3,True,True,False,True,False,74.0,49.29051205178355,98.28571428571429,70.3,71.07429647267793,Tier 2: Strong Opportunity
TARRANT,55816.0,1081.0,2008.0,2293.0,1943.0,379.0,121.0,4853.0,360.0,True,UNT,4853.0,8.694639529883904,1.9367206535760355,18.885,31.25,87.285,False,True,True,True,False,37.77,91.92232615252345,98.06327934642397,87.285,71.02585371504183,Tier 4: Volume Play
MCMULLEN,26.0,0.0,0.0,0.0,0.0,0.0,0.0,0.0,0.0,False,No Data,0.0,0.0,0.0,40.0,45.0,100.0,True,True,False,True,False,80.0,27.718719054118573,100.0,100.0,70.31561571623557,Tier 2: Strong Opportunity
MILAM,742.0,5.0,0.0,38.0,0.0,0.0,0.0,0.0,0.0,True,Texas A&M,38.0,5.121293800539084,0.6738544474393532,35.2,54.56,51.84,True,True,False,False,False,70.4,55.59741997723735,99.32614555256065,51.84,69.88845510368334,Tier 2: Strong Opportunity
DAWSON,274.0,0.0,0.0,0.0,38.0,0.0,0.0,0.0,0.0,True,Texas Tech,38.0,13.86861313868613,0.0,37.03333333333334,40.900000000000006,57.875,True,True,False,False,False,74.06666666666668,47.238290721670815,100.0,57.875,69.58565388316791,Tier 2: Strong Opportunity
HARRIS,145843.0,5386.0,6616.0,7908.0,2462.0,1572.0,2641.0,1081.0,13131.0,True,UH,13131.0,9.003517481126966,3.69301234889573,14.39375,26.821875,82.34848484848484,False,True,True,True,False,28.787499999999998,100.0,96.30698765110427,82.34848484848484,69.01124601506933,Tier 4: Volume Play
WILLIAMSON,13449.0,1346.0,1226.0,1347.0,638.0,73.0,613.0,399.0,100.0,True,Texas A&M,1347.0,10.015614543832257,10.008179046769277,24.372727272727275,41.20909090909091,75.22727272727273,False,False,True,True,False,48.74545454545455,79.953744755651,89.99182095323073,75.22727272727273,69.00539670825054,Tier 5: Maintain/Monitor
DALLAS,77758.0,1021.0,2854.0,2181.0,1483.0,475.0,154.0,5714.0,561.0,True,UNT,5714.0,7.348440031893824,1.3130481751073846,15.56,22.328125,78.83142857142857,False,True,True,True,False,31.120000000000005,94.71061591178835,98.68695182489262,78.83142857142857,68.48171799565789,Tier 4: Volume Play
TAYLOR,5572.0,106.0,76.0,232.0,496.0,11.0,13.0,150.0,76.0,True,Texas Tech,496.0,8.90165111270639,1.9023689877961232,24.6,35.64,74.0,False,True,True,True,False,49.2,72.54395586659071,98.09763101220388,74.0,68.462712962418,Tier 4: Volume Play
LIMESTONE,288.0,5.0,0.0,6.0,0.0,0.0,0.0,0.0,0.0,True,Texas A&M,6.0,2.083333333333333,1.7361111111111112,36.4,41.166666666666664,44.9,True,True,False,False,False,72.8,47.65590525084617,98.26388888888889,44.9,67.55954935303163,Tier 2: Strong Opportunity
BEXAR,66194.0,2601.0,2290.0,2224.0,1293.0,20.0,9126.0,461.0,285.0,True,UTSA,9126.0,13.786748043629332,3.929359156419011,14.876923076923076,24.876,83.08965517241379,False,True,True,True,False,29.753846153846155,93.35649141027818,96.07064084358099,83.08965517241379,67.4315795705795,Tier 4: Volume Play
KENDALL,2720.0,197.0,122.0,319.0,270.0,0.0,300.0,19.0,5.0,True,Texas A&M,319.0,11.727941176470589,7.24264705882353,26.5,40.3,75.5,True,True,True,True,True,53.0,66.51438150154297,92.75735294117646,75.5,67.25578503869818,Tier 1: Prime Target
FORT BEND,13934.0,699.0,783.0,1047.0,244.0,117.0,464.0,138.0,1909.0,True,UH,1909.0,13.700301420984642,5.016506387254198,18.625,31.9,91.275,False,True,True,True,False,37.25,80.25167311934894,94.9834936127458,91.275,67.09970065835384,Tier 4: Volume Play
RUNNELS,421.0,0.0,0.0,0.0,17.0,0.0,0.0,0.0,0.0,True,Texas Tech,17.0,4.038004750593824,0.0,29.35,23.575,79.075,True,True,False,True,False,58.70000000000001,50.83983546296006,100.0,79.075,66.63945063888802,Tier 2: Strong Opportunity
GREGG,4276.0,19.0,41.0,138.0,19.0,123.0,0.0,58.0,0.0,True,Texas A&M,138.0,3.2273152478952296,0.4443405051449953,25.8,34.34285714285714,46.0125,True,True,True,False,True,51.6,70.31792423737203,99.555659494855,46.0125,66.2477591701826,Tier 1: Prime Target
LAMAR,1386.0,5.0,0.0,40.0,0.0,6.0,0.0,23.0,0.0,True,Texas A&M,40.0,2.886002886002886,0.3607503607503607,28.799999999999997,34.475,44.475,True,True,False,False,False,57.599999999999994,60.847100403036045,99.63924963924964,44.475,65.66948004876075,Tier 2: Strong Opportunity
LUBBOCK,8674.0,86.0,99.0,92.0,2585.0,0.0,5.0,92.0,7.0,True,Texas Tech,2585.0,29.80170624855891,0.9914687572054416,19.522222222222226,32.12222222222223,70.14444444444445,False,True,True,True,False,39.04444444444445,76.26557839799544,99.00853124279456,70.14444444444445,65.31360199017978,Tier 4: Volume Play
MONTGOMERY,10757.0,542.0,434.0,1021.0,284.0,196.0,117.0,106.0,281.0,True,Texas A&M,1021.0,9.491493910941712,5.038579529608627,19.233333333333334,31.516666666666666,71.76666666666667,False,True,True,True,False,38.46666666666667,78.07549461268476,94.96142047039137,71.76666666666667,64.97826581121703,Tier 4: Volume Play
MCLENNAN,10456.0,151.0,197.0,366.0,152.0,7.0,10.0,263.0,7.0,True,Texas A&M,366.0,3.500382555470543,1.444146901300689,19.383333333333336,32.421052631578945,63.76315789473684,False,True,True,False,False,38.76666666666667,77.83682889077775,98.55585309869932,63.76315789473684,64.94520174311354,Tier 4: Volume Play
OLDHAM,201.0,0.0,0.0,0.0,17.0,0.0,0.0,0.0,0.0,True,Texas Tech,17.0,8.45771144278607,0.0,30.366666666666664,44.833333333333336,66.85000000000001,True,True,False,False,False,60.73333333333333,44.643708699908586,100.0,66.85000000000001,64.37144594330591,Tier 2: Strong Opportunity
SMITH,7426.0,21.0,94.0,224.0,79.0,139.0,0.0,70.0,0.0,True,Texas A&M,224.0,3.016428763802854,0.2827901966065176,19.91,34.3,58.71,False,True,True,False,False,39.82,74.9592748503515,99.71720980339349,58.71,64.23022441578415,Tier 4: Volume Play
CAMERON,21725.0,537.0,822.0,715.0,69.0,0.0,955.0,57.0,109.0,True,UTSA,955.0,4.395857307249712,2.47180667433832,16.07,27.610000000000003,63.67999999999999,False,True,True,False,False,32.14,83.98670340995756,97.52819332566168,63.67999999999999,63.92564968811961,Tier 4: Volume Play
WICHITA,2896.0,31.0,76.0,99.0,177.0,0.0,0.0,105.0,0.0,True,Texas Tech,177.0,6.111878453038674,1.0704419889502763,22.74,33.18,56.279999999999994,False,True,True,False,False,45.48,67.04150274110397,98.92955801104972,56.279999999999994,63.71836242454114,Tier 4: Volume Play
NUECES,11131.0,319.0,348.0,436.0,88.0,0.0,544.0,24.0,62.0,True,UTSA,544.0,4.887251819243554,2.865870092534363,17.772727272727273,27.0,65.52727272727273,False,True,True,False,False,35.54545454545455,78.36290704468375,97.13412990746563,65.52727272727273,63.70660718580735,Tier 4: Volume Play
PARKER,4257.0,58.0,78.0,235.0,300.0,12.0,0.0,114.0,0.0,True,Texas Tech,300.0,7.047216349541931,1.3624618275781066,20.642857142857142,40.857142857142854,60.175,False,True,True,False,False,41.285714285714285,70.2804797199427,98.6375381724219,60.175,63.34343726475291,Tier 4: Volume Play
COMAL,6862.0,1136.0,282.0,632.0,429.0,5.0,534.0,70.0,22.0,True,TXST,1136.0,16.554940250655786,16.554940250655786,19.6,36.55,86.25,False,False,True,True,False,39.2,74.29505786387334,83.44505974934421,86.25,63.28252930903084,Tier 5: Maintain/Monitor
BRAZORIA,15009.0,577.0,511.0,967.0,172.0,177.0,292.0,119.0,1370.0,True,UH,1370.0,9.127856619361715,3.844360050636285,16.7,28.6,62.51428571428572,False,True,True,False,False,33.4,80.87666180326617,96.15563994936372,62.51428571428572,63.10555510228117,Tier 4: Volume Play
GALVESTON,9107.0,409.0,377.0,636.0,178.0,103.0,134.0,67.0,626.0,True,Texas A&M,636.0,6.983638959042494,4.491050840013177,17.1125,27.48888888888889,69.55555555555556,False,True,True,False,False,34.225,76.67522198742743,95.50894915998683,69.55555555555556,62.74991198378115,Tier 4: Volume Play
GRAYSON,3926.0,40.0,6.0,71.0,76.0,0.0,0.0,84.0,0.0,True,UNT,84.0,2.139582272032603,1.0188487009679064,19.32307692307692,31.93076923076923,65.16153846153847,False,True,True,False,False,38.64615384615384,69.599892689921,98.98115129903209,65.16153846153847,62.6508134513981,Tier 4: Volume Play
HOCKLEY,905.0,0.0,0.0,0.0,48.0,0.0,0.0,0.0,0.0,True,Texas Tech,48.0,5.303867403314917,0.0,21.75,33.82,80.36,False,True,False,True,False,43.5,57.26553079718113,100.0,80.36,62.61565923915434,Tier 5: Maintain/Monitor
MASON,199.0,5.0,0.0,10.0,35.0,0.0,0.0,0.0,0.0,True,Texas Tech,35.0,17.587939698492463,2.512562814070352,25.0,43.8,92.3,True,True,False,True,False,50.0,44.56002421046694,97.48743718592965,92.3,62.095494700326014,Tier 2: Strong Opportunity
HALL,66.0,0.0,0.0,0.0,0.0,0.0,0.0,0.0,0.0,False,No Data,0.0,0.0,0.0,33.3,22.9,47.45,True,True,False,False,False,66.6,35.3623975227635,100.0,47.45,61.993719256829046,Tier 2: Strong Opportunity
BELL,10585.0,546.0,330.0,527.0,203.0,65.0,345.0,210.0,74.0,True,TXST,546.0,5.158242796410014,5.158242796410014,16.333333333333332,30.410000000000004,65.075,False,True,True,False,False,32.666666666666664,77.93994462550481,94.84175720358999,65.075,61.924501495036104,Tier 4: Volume Play
JEFFERSON,3206.0,75.0,55.0,101.0,0.0,30.0,0.0,0.0,61.0,True,Texas A&M,101.0,3.1503431066749847,2.3393636930754833,19.1,29.5875,66.875,False,True,True,False,False,38.2,67.89648758734337,97.66063630692452,66.875,61.86857353758792,Tier 4: Volume Play
FRANKLIN,344.0,0.0,0.0,0.0,0.0,0.0,0.0,0.0,0.0,False,No Data,0.0,0.0,0.0,28.6,42.9,40.8,True,True,False,False,False,57.2,49.14550463546596,100.0,40.8,61.70365139063979,Tier 2: Strong Opportunity
WEBB,14937.0,200.0,410.0,343.0,6.0,0.0,596.0,12.0,26.0,True,UTSA,596.0,3.990091718551249,1.338956952533976,16.73333333333333,33.699999999999996,41.65,False,True,True,False,False,33.46666666666666,80.83622256617844,98.66104304746602,41.65,61.5347420460134,Tier 4: Volume Play
POTTER,6744.0,14.0,107.0,107.0,381.0,0.0,0.0,51.0,0.0,True,Texas Tech,381.0,5.649466192170818,0.2075919335705812,14.933333333333332,25.3,73.8,False,True,True,True,False,29.866666666666664,74.1491979216031,99.79240806642942,73.8,61.52990765643349,Tier 4: Volume Play
GILLESPIE,364.0,24.0,5.0,42.0,38.0,0.0,15.0,0.0,0.0,True,Texas A&M,42.0,11.538461538461538,6.593406593406594,26.950000000000003,45.0,63.65,True,True,False,False,False,53.900000000000006,49.619445330846645,93.4065934065934,63.65,61.492152280572675,Tier 2: Strong Opportunity
ROCKWALL,4660.0,130.0,145.0,288.0,370.0,131.0,11.0,307.0,0.0,True,Texas Tech,370.0,7.939914163090128,2.7896995708154506,14.7,29.95,89.75,False,True,True,True,False,29.4,71.04101986949465,97.21030042918454,89.75,61.48936604668531,Tier 4: Volume Play
BOWIE,2300.0,10.0,30.0,22.0,5.0,19.0,0.0,40.0,0.0,True,UNT,40.0,1.7391304347826086,0.4347826086956521,16.555555555555557,20.077777777777776,87.76666666666667,False,True,True,True,False,33.111111111111114,65.104360309835,99.56521739130434,87.76666666666667,61.465462682322496,Tier 4: Volume Play
EASTLAND,478.0,0.0,0.0,0.0,22.0,0.0,0.0,0.0,0.0,True,Texas Tech,22.0,4.602510460251046,0.0,25.266666666666666,47.26666666666667,55.2,True,True,False,False,False,50.53333333333333,51.90537089694178,100.0,55.2,61.30494460241587,Tier 2: Strong Opportunity
YOUNG,547.0,0.0,0.0,0.0,47.0,0.0,0.0,24.0,0.0,True,Texas Tech,47.0,8.592321755027422,0.0,23.5,43.93333333333334,64.63333333333334,False,True,False,False,False,47.0,53.037173884386505,100.0,64.63333333333334,61.17448549864929,Tier 5: Maintain/Monitor
CORYELL,1530.0,103.0,27.0,77.0,11.0,6.0,60.0,15.0,0.0,True,TXST,103.0,6.73202614379085,6.73202614379085,22.6,35.025,58.35999999999999,False,True,False,False,False,45.2,61.67784508445669,93.26797385620915,58.35999999999999,61.07294829657884,Tier 5: Maintain/Monitor
BOSQUE,440.0,0.0,0.0,5.0,0.0,0.0,0.0,0.0,0.0,True,Texas A&M,5.0,1.1363636363636365,0.0,21.3,29.18,86.08571428571429,False,True,False,True,False,42.6,51.210217942325144,100.0,86.08571428571429,61.01163681126898,Tier 5: Maintain/Monitor
HARRISON,3480.0,29.0,42.0,83.0,24.0,122.0,0.0,60.0,17.0,True,Stephen F. Austin,122.0,3.505747126436782,0.8333333333333334,18.24,24.96,59.1,False,True,True,False,False,36.48,68.585988588261,99.16666666666667,59.1,60.911129909811635,Tier 4: Volume Play
WILBARGER,170.0,0.0,0.0,0.0,16.0,0.0,0.0,0.0,0.0,True,Texas Tech,16.0,9.411764705882351,0.0,22.933333333333337,25.6,94.4,False,True,False,True,False,45.866666666666674,43.24253092243618,100.0,94.4,60.75942594339753,Tier 5: Maintain/Monitor
ARCHER,506.0,0.0,0.0,0.0,58.0,0.0,0.0,0.0,0.0,True,Texas Tech,58.0,11.462450592885377,0.0,20.566666666666663,35.9,85.2,False,True,False,True,False,41.133333333333326,52.38315901336949,100.0,85.2,60.688281037344176,Tier 5: Maintain/Monitor
HOWARD,761.0,0.0,0.0,0.0,33.0,0.0,0.0,0.0,0.0,True,Texas Tech,33.0,4.336399474375821,0.0,24.85,27.633333333333336,40.25,False,True,False,False,False,49.7,55.809782375006165,100.0,40.25,60.64793471250185,Tier 5: Maintain/Monitor
SAN SABA,138.0,0.0,0.0,0.0,0.0,0.0,0.0,0.0,0.0,False,No Data,0.0,0.0,0.0,23.7,20.7,91.66666666666669,False,True,False,True,False,47.4,41.500020235571164,100.0,91.66666666666669,60.57667273733802,Tier 5: Maintain/Monitor
HAMILTON,263.0,0.0,0.0,0.0,5.0,0.0,0.0,0.0,0.0,True,Texas Tech,5.0,1.9011406844106464,0.0,25.4,32.7,61.35,True,True,False,False,False,50.8,46.894968693506364,100.0,61.35,60.52349060805191,Tier 2: Strong Opportunity
EL PASO,38033.0,342.0,782.0,320.0,803.0,0.0,363.0,127.0,17.0,True,Texas Tech,803.0,2.111324376199616,0.8992190992033234,7.56,16.06,80.08333333333333,False,True,True,True,False,15.120000000000001,88.69618200925046,99.10078090079668,80.08333333333333,60.48534411626781,Tier 4: Volume Play
HIDALGO,46824.0,928.0,1288.0,1602.0,140.0,5.0,1515.0,43.0,123.0,True,Texas A&M,1602.0,3.421322398769862,1.9818896292499573,7.44375,11.411764705882351,76.57777777777778,False,True,True,True,False,14.887499999999998,90.4449762119076,98.01811037075004,76.57777777777778,60.34989271550007,Tier 4: Volume Play
KERR,1054.0,84.0,44.0,73.0,62.0,0.0,58.0,7.0,0.0,True,TXST,84.0,7.969639468690702,7.969639468690702,19.35,23.46666666666667,87.66666666666667,False,True,False,True,False,38.7,58.54604374975062,92.0303605313093,87.66666666666667,60.21655189785371,Tier 5: Maintain/Monitor
BROWN,1051.0,16.0,0.0,41.0,21.0,0.0,0.0,0.0,0.0,True,Texas A&M,41.0,3.9010466222645097,1.5223596574690772,20.75,29.7,63.4,False,True,False,False,False,41.5,58.52209435967488,98.47764034253092,63.4,60.19215637640865,Tier 5: Maintain/Monitor
RANDALL,2084.0,13.0,13.0,36.0,218.0,0.0,0.0,18.0,0.0,True,Texas Tech,218.0,10.460652591170826,0.6238003838771593,14.2,30.7,95.7,False,True,True,True,False,28.4,64.27532306777842,99.37619961612285,95.7,60.087836843558094,Tier 4: Volume Play
WOOD,1061.0,0.0,0.0,11.0,0.0,8.0,0.0,7.0,0.0,True,Texas A&M,11.0,1.0367577756833175,0.0,20.733333333333334,31.85,55.81666666666666,False,True,False,False,False,41.46666666666667,58.60166185758672,100.0,55.81666666666666,59.74883189060935,Tier 5: Maintain/Monitor
COLLINGSWORTH,110.0,0.0,0.0,0.0,5.0,0.0,0.0,0.0,0.0,True,Texas Tech,5.0,4.545454545454546,0.0,25.9,29.6,71.1,True,True,False,True,False,51.800000000000004,39.60819355884091,100.0,71.1,59.71245806765228,Tier 2: Strong Opportunity
BANDERA,315.0,23.0,0.0,12.0,12.0,0.0,22.0,0.0,0.0,True,TXST,23.0,7.301587301587302,7.301587301587302,25.85,29.4,59.45,True,True,False,False,False,51.7,48.407068630118474,92.6984126984127,59.45,59.68680312871809,Tier 2: Strong Opportunity
PANOLA,932.0,0.0,0.0,29.0,5.0,40.0,0.0,0.0,0.0,True,Stephen F. Austin,40.0,4.291845493562231,0.0,19.424999999999997,20.45,67.175,False,True,False,False,False,38.849999999999994,57.512504485791446,100.0,67.175,59.511251345737435,Tier 5: Maintain/Monitor
HUNT,2344.0,6.0,5.0,6.0,18.0,11.0,0.0,90.0,0.0,True,UNT,90.0,3.839590443686007,0.2559726962457337,17.58,27.79,58.25,False,True,True,False,False,35.16,65.26366329005427,99.74402730375427,58.25,59.41690444776714,Tier 4: Volume Play
AUSTIN,1228.0,41.0,0.0,130.0,11.0,0.0,7.0,0.0,0.0,True,Texas A&M,130.0,10.586319218241044,3.3387622149837135,18.433333333333337,37.63333333333333,69.10000000000001,False,True,False,False,False,36.866666666666674,59.82994874483944,96.66123778501628,69.10000000000001,58.937898847121765,Tier 5: Maintain/Monitor
CALLAHAN,394.0,0.0,0.0,0.0,18.0,0.0,0.0,0.0,0.0,True,Texas Tech,18.0,4.568527918781726,0.0,19.766666666666666,23.55,80.125,False,True,False,True,False,39.53333333333333,50.28375538953188,100.0,80.125,58.910959950192904,Tier 5: Maintain/Monitor
TITUS,1308.0,0.0,11.0,35.0,10.0,5.0,0.0,6.0,0.0,True,Texas A&M,35.0,2.675840978593272,0.0,19.23333333333333,30.566666666666663,53.666666666666664,False,True,False,False,False,38.46666666666666,60.36031967188148,100.0,53.666666666666664,58.86142923489778,Tier 5: Maintain/Monitor
HANSFORD,296.0,0.0,0.0,0.0,33.0,0.0,0.0,0.0,0.0,True,Texas Tech,33.0,11.14864864864865,0.0,22.0,29.0,68.46666666666667,False,True,False,False,False,44.0,47.88555014745393,100.0,68.46666666666667,58.81233171090284,Tier 5: Maintain/Monitor
HARDIN,1978.0,67.0,5.0,88.0,8.0,38.0,0.0,0.0,10.0,True,Texas A&M,88.0,4.448938321536906,3.3872598584428717,18.04,27.9,58.620000000000005,False,True,False,False,False,36.08,63.83650133858543,96.61274014155713,58.620000000000005,58.76749842988706,Tier 5: Maintain/Monitor
MIDLAND,4221.0,68.0,88.0,146.0,407.0,0.0,21.0,45.0,0.0,True,Texas Tech,407.0,9.642264866145462,1.610992655768775,13.85,32.1,67.4,False,True,True,False,False,27.699999999999996,70.20907174738845,98.38900734423123,67.4,58.56052299306278,Tier 4: Volume Play
KNOX,29.0,0.0,0.0,0.0,0.0,0.0,0.0,0.0,0.0,False,No Data,0.0,0.0,0.0,28.4,28.4,72.5,True,True,False,True,False,56.8,28.604824359584413,100.0,72.5,58.55144730787532,Tier 2: Strong Opportunity
SAN PATRICIO,2372.0,85.0,0.0,58.0,7.0,0.0,73.0,0.0,0.0,True,TXST,85.0,3.583473861720068,3.583473861720068,14.685714285714283,19.814285714285717,77.97142857142856,False,True,True,True,False,29.371428571428567,65.36348905312676,96.41652613827993,77.97142857142856,58.4380662293083,Tier 4: Volume Play
ELLIS,7393.0,222.0,131.0,258.0,298.0,67.0,7.0,348.0,5.0,True,UNT,348.0,4.707155417286622,3.002840524820777,12.02727272727273,21.69,69.22727272727273,False,True,True,False,False,24.05454545454546,74.92182288651823,96.99715947517922,69.22727272727273,58.42052421553677,Tier 4: Volume Play
REAL,32.0,0.0,0.0,0.0,0.0,0.0,0.0,0.0,0.0,False,No Data,0.0,0.0,0.0,27.8,38.9,72.0,True,True,False,True,False,55.60000000000001,29.40640411137488,100.0,72.0,58.26192123341247,Tier 2: Strong Opportunity
WALKER,1727.0,36.0,25.0,74.0,12.0,0.0,36.0,23.0,12.0,True,Texas A&M,74.0,4.284887087434859,2.0845396641574987,20.4,35.7,35.5,False,True,False,False,False,40.8,62.695848218381556,97.9154603358425,35.5,58.26184653268296,Tier 5: Maintain/Monitor
HOUSTON,437.0,0.0,0.0,5.0,0.0,10.0,0.0,0.0,0.0,True,Stephen F. Austin,10.0,2.2883295194508007,0.0,20.55,28.8,63.64,False,True,False,False,False,41.1,51.15281006209561,100.0,63.64,58.14984301862869,Tier 5: Maintain/Monitor
ANGELINA,3378.0,50.0,37.0,157.0,11.0,505.0,0.0,0.0,8.0,True,Stephen F. Austin,505.0,14.949674363528716,1.4801657785671996,16.083333333333332,33.68571428571429,50.628571428571426,False,True,True,False,False,32.166666666666664,68.33587026479658,98.5198342214328,50.628571428571426,58.13425173324934,Tier 4: Volume Play
CASTRO,204.0,0.0,0.0,0.0,5.0,0.0,0.0,0.0,0.0,True,Texas Tech,5.0,2.450980392156863,0.0,20.65,26.8,81.7,False,True,False,True,False,41.3,44.76769455913153,100.0,81.7,58.12030836773946,Tier 5: Maintain/Monitor
CASS,855.0,6.0,0.0,5.0,0.0,5.0,0.0,0.0,0.0,True,TXST,6.0,0.7017543859649122,0.7017543859649122,17.914285714285715,18.514285714285712,67.08571428571429,False,True,False,False,False,35.82857142857143,56.788091505459434,99.29824561403508,67.08571428571429,57.936076574444854,Tier 5: Maintain/Monitor
UPSHUR,1277.0,5.0,0.0,15.0,0.0,15.0,0.0,0.0,0.0,True,Texas A&M,15.0,1.1746280344557558,0.3915426781519185,16.966666666666665,23.285714285714285,63.771428571428565,False,True,False,False,False,33.93333333333333,60.15875078453446,99.60845732184808,63.771428571428565,57.919792890206146,Tier 5: Maintain/Monitor
JOHNSON,6080.0,108.0,55.0,202.0,223.0,20.0,0.0,288.0,0.0,True,UNT,288.0,4.736842105263158,1.776315789473684,12.6125,23.64444444444444,62.0,False,True,True,False,False,25.225,73.27762701120957,98.22368421052632,62.0,57.91802494546813,Tier 4: Volume Play
CLAY,243.0,0.0,0.0,6.0,17.0,0.0,0.0,5.0,0.0,True,Texas Tech,17.0,6.995884773662551,0.0,20.05,25.575,77.575,False,True,False,True,False,40.1,46.2324040372967,100.0,77.575,57.667221211189016,Tier 5: Maintain/Monitor
UVALDE,867.0,20.0,0.0,21.0,11.0,0.0,58.0,0.0,0.0,True,UTSA,58.0,6.6897347174163775,2.306805074971165,15.266666666666666,22.1,88.425,False,True,False,True,False,30.533333333333328,56.90517305013019,97.69319492502883,88.425,57.66602423337815,Tier 5: Maintain/Monitor
VAL VERDE,887.0,45.0,31.0,46.0,29.0,0.0,103.0,0.0,0.0,True,UTSA,103.0,11.61217587373168,5.0732807215332585,19.85,44.1,53.900000000000006,False,True,False,False,False,39.7,57.096758140972405,94.92671927846675,53.900000000000006,57.384371297985076,Tier 5: Maintain/Monitor
SCURRY,477.0,14.0,0.0,0.0,56.0,0.0,0.0,0.0,0.0,True,Texas Tech,56.0,11.740041928721174,2.9350104821802936,20.166666666666668,25.5,62.53333333333333,False,True,False,False,False,40.333333333333336,51.887794669440645,97.06498951781971,62.53333333333333,57.3660029710628,Tier 5: Maintain/Monitor
NOLAN,440.0,0.0,0.0,5.0,33.0,0.0,0.0,0.0,0.0,True,Texas Tech,33.0,7.5,0.0,16.9,26.975,84.35,False,True,False,True,False,33.8,51.210217942325144,100.0,84.35,57.31806538269754,Tier 5: Maintain/Monitor
OCHILTREE,212.0,0.0,0.0,0.0,25.0,0.0,0.0,0.0,0.0,True,Texas Tech,25.0,11.79245283018868,0.0,25.0,33.3,37.3,True,True,False,False,False,50.0,45.08965623911778,100.0,37.3,57.25689687173533,Tier 2: Strong Opportunity
TOM GREEN,1737.0,20.0,40.0,43.0,139.0,0.0,18.0,10.0,0.0,True,Texas Tech,139.0,8.00230282095567,1.1514104778353482,13.185714285714283,21.457142857142856,80.47142857142856,False,True,False,True,False,26.371428571428567,62.74437819607667,98.84858952216466,80.47142857142856,57.18874564897022,Tier 5: Maintain/Monitor
LLANO,305.0,21.0,0.0,37.0,20.0,0.0,0.0,0.0,0.0,True,Texas A&M,37.0,12.131147540983608,6.885245901639345,23.0,36.5,54.8,False,True,False,False,False,46.0,48.1366201888793,93.11475409836065,54.8,56.943936876335925,Tier 5: Maintain/Monitor
WISE,1495.0,0.0,0.0,42.0,67.0,0.0,0.0,51.0,0.0,True,Texas Tech,67.0,4.481605351170568,0.0,12.942857142857145,24.042857142857144,81.38571428571429,False,True,False,True,False,25.88571428571429,61.48334830088993,100.0,81.38571428571429,56.93786163312412,Tier 5: Maintain/Monitor
LAVACA,526.0,40.0,0.0,54.0,0.0,0.0,0.0,0.0,0.0,True,Texas A&M,54.0,10.26615969581749,7.604562737642586,21.5,39.7,53.625,False,True,False,False,False,43.0,52.70854666767589,92.39543726235742,53.625,56.854151452774246,Tier 5: Maintain/Monitor
HOOD,1392.0,48.0,13.0,76.0,97.0,0.0,0.0,35.0,0.0,True,Texas Tech,97.0,6.968390804597702,3.4482758620689653,19.0,41.86666666666667,38.0,False,True,False,False,False,38.0,60.88340357508072,96.55172413793103,38.0,56.57536590011042,Tier 5: Maintain/Monitor
BAYLOR,132.0,0.0,0.0,0.0,5.0,0.0,0.0,0.0,0.0,True,Texas Tech,5.0,3.787878787878788,0.0,21.2,24.2,71.7,False,True,False,True,False,42.4,41.12892083948017,100.0,71.7,56.46867625184405,Tier 5: Maintain/Monitor
SOMERVELL,126.0,0.0,0.0,6.0,15.0,0.0,0.0,0.0,0.0,True,Texas Tech,15.0,11.904761904761903,0.0,20.0,33.0,82.0,False,True,False,True,False,40.0,40.740687829589476,100.0,82.0,56.42220634887684,Tier 5: Maintain/Monitor
JACK,225.0,0.0,0.0,0.0,12.0,0.0,0.0,0.0,0.0,True,Texas Tech,12.0,5.333333333333334,0.0,18.7,36.849999999999994,75.23333333333333,False,True,False,True,False,37.4,45.58790160934136,100.0,75.23333333333333,56.15970381613574,Tier 5: Maintain/Monitor
NACOGDOCHES,887.0,11.0,8.0,31.0,0.0,338.0,0.0,5.0,0.0,True,Stephen F. Austin,338.0,38.10597519729425,1.2401352874859075,14.742857142857144,33.957142857142856,74.075,False,True,False,True,False,29.485714285714288,57.096758140972405,98.75986471251409,74.075,56.08278609908025,Tier 5: Maintain/Monitor
RUSK,1504.0,0.0,10.0,16.0,0.0,59.0,0.0,0.0,0.0,True,Stephen F. Austin,59.0,3.922872340425532,0.0,14.080000000000002,20.75,63.58571428571428,False,True,False,False,False,28.16,61.53379296807462,100.0,63.58571428571428,56.082709318993814,Tier 5: Maintain/Monitor
COOKE,1186.0,0.0,0.0,10.0,31.0,0.0,0.0,57.0,0.0,True,UNT,57.0,4.806070826306914,0.0,14.316666666666668,34.11666666666667,66.95,False,True,False,False,False,28.63333333333334,59.537510909749045,100.0,66.95,56.00958660625805,Tier 5: Maintain/Monitor
HILL,977.0,6.0,0.0,10.0,5.0,0.0,0.0,0.0,0.0,True,Texas A&M,10.0,1.023541453428864,0.6141248720573182,15.73,27.339999999999996,59.05,False,True,False,False,False,31.46,57.90866351934941,99.38587512794268,59.05,55.73877408139336,Tier 5: Maintain/Monitor
ERATH,2998.0,36.0,5.0,19.0,76.0,0.0,0.0,17.0,5.0,True,Texas Tech,76.0,2.535023348899266,1.200800533689126,11.166666666666666,22.466666666666665,65.31666666666666,False,True,True,False,False,22.333333333333332,67.3325231680697,98.79919946631087,65.31666666666666,55.424596843683084,Tier 4: Volume Play
FAYETTE,716.0,15.0,0.0,72.0,0.0,0.0,0.0,0.0,0.0,True,Texas A&M,72.0,10.05586592178771,2.094972067039106,15.5,40.34,65.62,False,True,False,False,False,31.0,55.29784616010299,97.90502793296089,65.62,55.13235943462307,Tier 5: Maintain/Monitor
ANDERSON,1229.0,0.0,0.0,41.0,0.0,23.0,0.0,0.0,0.0,True,Texas A&M,41.0,3.336045565500407,0.0,13.328571428571427,37.9,64.15714285714286,False,True,False,False,False,26.65714285714286,59.83678910454822,100.0,64.15714285714286,55.0296081599359,Tier 5: Maintain/Monitor
WASHINGTON,531.0,24.0,6.0,59.0,0.0,0.0,6.0,0.0,0.0,True,Texas A&M,59.0,11.11111111111111,4.519774011299435,15.5,28.799999999999997,75.95,False,True,False,True,False,31.0,52.7879638942345,95.48022598870057,75.95,54.92743436601046,Tier 5: Maintain/Monitor
KAUFMAN,5505.0,94.0,58.0,216.0,135.0,116.0,5.0,275.0,7.0,True,UNT,275.0,4.995458673932789,1.7075386012715712,8.428571428571429,17.757142857142856,65.74285714285715,False,True,True,False,False,16.857142857142858,72.4422333772163,98.29246139872843,65.74285714285715,54.708305150053434,Tier 4: Volume Play
JACKSON,723.0,12.0,0.0,24.0,0.0,0.0,0.0,0.0,0.0,True,Texas A&M,24.0,3.319502074688797,1.6597510373443984,15.666666666666666,38.93333333333334,58.9,False,True,False,False,False,31.33333333333333,55.37955610551696,98.34024896265561,58.9,54.70524995751954,Tier 5: Maintain/Monitor
FREESTONE,366.0,0.0,0.0,0.0,0.0,0.0,0.0,0.0,0.0,False,No Data,0.0,0.0,0.0,17.633333333333333,23.13333333333333,56.43333333333334,False,True,False,False,False,35.266666666666666,49.665402941372434,100.0,56.43333333333334,54.649620882411725,Tier 5: Maintain/Monitor
HASKELL,134.0,0.0,0.0,0.0,27.0,0.0,0.0,0.0,0.0,True,Texas Tech,27.0,20.149253731343283,0.0,16.05,17.95,93.76666666666668,False,True,False,True,False,32.1,41.2544488682863,100.0,93.76666666666668,54.593001327152564,Tier 5: Maintain/Monitor
MEDINA,1863.0,91.0,21.0,110.0,71.0,0.0,219.0,0.0,0.0,True,UTSA,219.0,11.755233494363928,4.884594739667204,12.5,22.36,65.5,False,True,False,False,False,25.0,63.33300700769484,95.11540526033279,65.5,54.57298315437501,Tier 5: Maintain/Monitor
ORANGE,2535.0,35.0,10.0,60.0,0.0,18.0,0.0,0.0,0.0,True,Texas A&M,60.0,2.366863905325444,1.3806706114398422,10.56,25.46,64.62,False,True,True,False,False,21.12,65.92220581507708,98.61932938856016,64.62,54.41052762223516,Tier 4: Volume Play
BLANCO,410.0,52.0,0.0,16.0,6.0,0.0,0.0,0.0,0.0,True,TXST,52.0,12.682926829268292,12.682926829268292,15.05,31.5,97.2,False,False,False,True,False,30.099999999999998,50.61770384767169,87.3170731707317,97.2,54.40872578844785,Tier 5: Maintain/Monitor
BEE,801.0,12.0,0.0,29.0,0.0,0.0,7.0,0.0,0.0,True,Texas A&M,29.0,3.620474406991261,1.49812734082397,17.566666666666666,21.233333333333334,37.266666666666666,False,True,False,False,False,35.13333333333333,56.240066581495185,98.50187265917603,37.266666666666666,54.352394506283765,Tier 5: Maintain/Monitor
MILLS,164.0,0.0,0.0,0.0,0.0,0.0,0.0,0.0,0.0,False,No Data,0.0,0.0,0.0,22.2,33.3,36.95,False,True,False,False,False,44.4,42.942133925542606,100.0,36.95,54.337640177662784,Tier 5: Maintain/Monitor
ANDREWS,562.0,5.0,0.0,5.0,53.0,0.0,0.0,0.0,0.0,True,Texas Tech,53.0,9.430604982206406,0.8896797153024912,17.2,33.6,47.1,False,True,False,False,False,34.4,53.26428638332552,99.11032028469751,47.1,54.27134997193716,Tier 5: Maintain/Monitor
GUADALUPE,2604.0,393.0,60.0,142.0,81.0,5.0,247.0,20.0,28.0,True,TXST,393.0,15.092165898617512,15.092165898617512,13.525,34.225,66.075,False,False,True,False,False,27.05,66.1479751800536,84.90783410138249,66.075,54.25345937429258,Tier 5: Maintain/Monitor
HOPKINS,999.0,0.0,0.0,46.0,34.0,7.0,0.0,19.0,0.0,True,Texas A&M,46.0,4.604604604604605,0.0,13.085714285714284,27.37142857142857,63.41428571428572,False,True,False,False,False,26.171428571428567,58.09575402463467,100.0,63.41428571428572,54.2387262073904,Tier 5: Maintain/Monitor
MADISON,408.0,0.0,0.0,50.0,0.0,0.0,0.0,0.0,6.0,True,Texas A&M,50.0,12.254901960784313,0.0,17.0,35.45,53.8,False,True,False,False,False,34.0,50.57667829413324,100.0,53.8,54.153003488239975,Tier 5: Maintain/Monitor
SHELBY,1045.0,0.0,0.0,5.0,0.0,107.0,0.0,0.0,0.0,True,Stephen F. Austin,107.0,10.239234449760763,0.0,12.919999999999998,16.72,62.14,False,True,False,False,False,25.839999999999996,58.4739900047062,100.0,62.14,54.09219700141186,Tier 5: Maintain/Monitor
WILSON,1798.0,135.0,27.0,124.0,64.0,0.0,139.0,0.0,0.0,True,UTSA,139.0,7.730812013348165,7.508342602892102,11.125,27.175,76.625,False,True,False,True,False,22.25,63.03449660274787,92.4916573971079,76.625,53.97118046024594,Tier 5: Maintain/Monitor
MARTIN,175.0,0.0,0.0,0.0,11.0,0.0,0.0,0.0,0.0,True,Texas Tech,11.0,6.2857142857142865,0.0,14.1,15.75,95.6,False,True,False,True,False,28.199999999999996,43.48491720284401,100.0,95.6,53.885475160853204,Tier 5: Maintain/Monitor
MAVERICK,3396.0,132.0,212.0,61.0,45.0,0.0,345.0,0.0,0.0,True,UTSA,345.0,10.159010600706711,3.886925795053003,6.0,16.4,93.2,False,True,True,True,False,12.0,68.380552776148,96.113074204947,93.2,53.8567806738338,Tier 4: Volume Play
KARNES,387.0,19.0,0.0,11.0,0.0,0.0,9.0,0.0,0.0,True,TXST,19.0,4.909560723514212,4.909560723514212,16.025,30.375,69.575,False,True,False,False,False,32.05,50.13337704709719,95.09043927648578,69.575,53.83560096942632,Tier 5: Maintain/Monitor
VAN ZANDT,895.0,0.0,0.0,16.0,0.0,12.0,0.0,0.0,0.0,True,Texas A&M,16.0,1.7877094972067038,0.0,13.183333333333332,32.075,60.675,False,True,False,False,False,26.366666666666667,57.17218664476319,100.0,60.675,53.76582266009563,Tier 5: Maintain/Monitor
MONTAGUE,431.0,0.0,0.0,5.0,5.0,0.0,0.0,5.0,0.0,True,Texas A&M,5.0,1.160092807424594,0.0,14.875,27.139999999999997,64.91666666666667,False,True,False,False,False,29.75,51.03680516362723,100.0,64.91666666666667,53.70270821575483,Tier 5: Maintain/Monitor
KLEBERG,1012.0,13.0,0.0,5.0,0.0,0.0,5.0,0.0,0.0,True,TXST,13.0,1.2845849802371545,1.2845849802371545,11.9,20.366666666666664,69.73333333333333,False,True,False,False,False,23.8,58.204382343923164,98.71541501976284,69.73333333333333,53.697731040462855,Tier 5: Maintain/Monitor
DELTA,164.0,0.0,0.0,0.0,0.0,0.0,0.0,0.0,0.0,False,No Data,0.0,0.0,0.0,14.45,18.9,91.65,False,True,False,True,False,28.9,42.942133925542606,100.0,91.65,53.60764017766278,Tier 5: Maintain/Monitor
STARR,3627.0,19.0,88.0,66.0,0.0,0.0,134.0,0.0,0.0,True,UTSA,134.0,3.694513371932727,0.5238489109456851,12.65,16.35,28.53333333333333,False,True,True,False,False,25.3,68.93385153825778,99.47615108905431,28.53333333333333,53.548719012621525,Tier 4: Volume Play
DONLEY,72.0,0.0,0.0,0.0,8.0,0.0,0.0,0.0,0.0,True,Texas Tech,8.0,11.11111111111111,0.0,17.1,19.1,87.9,False,True,False,True,False,34.2,36.08371551667892,100.0,87.9,53.29511465500368,Tier 5: Maintain/Monitor
CARSON,170.0,0.0,0.0,0.0,30.0,0.0,0.0,0.0,0.0,True,Texas Tech,30.0,17.647058823529413,0.0,13.5,19.266666666666666,93.66666666666669,False,True,False,True,False,27.0,43.24253092243618,100.0,93.66666666666669,53.13942594339752,Tier 5: Maintain/Monitor
WHEELER,76.0,0.0,0.0,0.0,0.0,0.0,0.0,0.0,0.0,False,No Data,0.0,0.0,0.0,21.75,17.3,47.575,False,True,False,False,False,43.5,36.532367046458404,100.0,47.575,53.117210113937524,Tier 5: Maintain/Monitor
BREWSTER,208.0,9.0,0.0,0.0,16.0,0.0,0.0,0.0,0.0,True,Texas Tech,16.0,7.6923076923076925,4.326923076923077,17.85,28.6,62.166666666666664,False,True,False,False,False,35.7,44.930215979692484,95.67307692307692,62.166666666666664,53.110346845189795,Tier 5: Maintain/Monitor
BURNET,1068.0,62.0,49.0,96.0,69.0,0.0,36.0,5.0,0.0,True,Texas A&M,96.0,8.98876404494382,5.805243445692884,10.1,20.5,85.9,False,True,False,True,False,20.2,58.65691456930385,94.19475655430712,85.9,53.10602568165258,Tier 5: Maintain/Monitor
MOORE,870.0,0.0,0.0,0.0,29.0,0.0,0.0,0.0,0.0,True,Texas Tech,29.0,3.3333333333333335,0.0,11.0,14.65,71.4,False,True,False,True,False,22.0,56.93419052042849,100.0,71.4,53.02025715612855,Tier 5: Maintain/Monitor
DALLAM,282.0,0.0,0.0,0.0,56.0,0.0,0.0,0.0,0.0,True,Texas Tech,56.0,19.858156028368796,0.0,15.95,24.0,59.5,False,True,False,False,False,31.900000000000002,47.479460559718326,100.0,59.5,52.9538381679155,Tier 5: Maintain/Monitor
LEON,640.0,0.0,0.0,13.0,0.0,0.0,0.0,0.0,0.0,True,Texas A&M,13.0,2.03125,0.0,11.575,27.525,72.26,False,True,False,True,False,23.15,54.35551122166532,100.0,72.26,52.79265336649959,Tier 5: Maintain/Monitor
CHAMBERS,2023.0,75.0,30.0,101.0,26.0,26.0,7.0,0.0,17.0,True,Texas A&M,101.0,4.992585269401879,3.7073652990608017,9.4,27.36666666666667,67.76666666666667,False,True,True,False,False,18.8,64.02559747872556,96.2926347009392,67.76666666666667,52.76287285047218,Tier 4: Volume Play
WHARTON,1830.0,30.0,9.0,107.0,0.0,0.0,0.0,0.0,0.0,True,Texas A&M,107.0,5.8469945355191255,1.639344262295082,11.3,23.22,50.760000000000005,False,True,False,False,False,22.6,63.1827798365313,98.36065573770492,50.760000000000005,52.74296509850037,Tier 5: Maintain/Monitor
CROCKETT,127.0,0.0,0.0,0.0,6.0,0.0,0.0,0.0,0.0,True,Texas Tech,6.0,4.724409448818897,0.0,22.2,33.3,26.5,False,True,False,False,False,44.4,40.80665069164015,100.0,26.5,52.65199520749204,Tier 5: Maintain/Monitor
CHILDRESS,107.0,0.0,0.0,0.0,21.0,0.0,0.0,0.0,0.0,True,Texas Tech,21.0,19.626168224299064,0.0,14.1,20.3,95.5,False,True,False,True,False,28.199999999999996,39.37776210887291,100.0,95.5,52.64332863266188,Tier 5: Maintain/Monitor
COMANCHE,421.0,0.0,0.0,0.0,0.0,0.0,0.0,0.0,0.0,False,No Data,0.0,0.0,0.0,13.6,24.53333333333333,65.0,False,True,False,False,False,27.200000000000003,50.83983546296006,100.0,65.0,52.63195063888802,Tier 5: Maintain/Monitor
LAMPASAS,604.0,48.0,13.0,48.0,21.0,0.0,11.0,7.0,0.0,True,TXST,48.0,7.947019867549669,7.947019867549669,16.7,24.200000000000003,45.0,False,True,False,False,False,33.4,53.86939200083843,92.05298013245033,45.0,52.431413626741595,Tier 5: Maintain/Monitor
LIBERTY,2274.0,20.0,0.0,59.0,0.0,33.0,0.0,0.0,37.0,True,Texas A&M,59.0,2.594547053649956,0.8795074758135445,8.059999999999999,20.68,62.71666666666667,False,True,True,False,False,16.119999999999997,65.00878857912348,99.12049252418646,62.71666666666667,52.046401745241006,Tier 4: Volume Play
TYLER,431.0,0.0,0.0,0.0,0.0,55.0,0.0,0.0,0.0,True,Stephen F. Austin,55.0,12.761020881670534,0.0,13.633333333333333,16.98,57.739999999999995,False,True,False,False,False,27.266666666666666,51.03680516362723,100.0,57.739999999999995,51.991708215754834,Tier 5: Maintain/Monitor
GRIMES,687.0,0.0,10.0,86.0,0.0,0.0,0.0,0.0,0.0,True,Texas A&M,86.0,12.518195050946144,0.0,8.9,27.733333333333334,83.2,False,True,False,True,False,17.8,54.9506133102925,100.0,83.2,51.92518399308775,Tier 5: Maintain/Monitor
NAVARRO,1813.0,10.0,26.0,38.0,0.0,0.0,0.0,27.0,0.0,True,Texas A&M,38.0,2.095973524544953,0.5515719801434087,7.414285714285714,18.957142857142856,70.54285714285714,False,True,False,True,False,14.828571428571427,63.104330010880616,99.44842801985659,70.54285714285714,51.80669889294978,Tier 5: Maintain/Monitor
BAILEY,177.0,0.0,0.0,0.0,16.0,0.0,0.0,0.0,0.0,True,Texas Tech,16.0,9.03954802259887,0.0,11.7,16.9,92.8,False,True,False,True,False,23.4,43.579948968751765,100.0,92.8,51.71398469062553,Tier 5: Maintain/Monitor
CHEROKEE,1324.0,0.0,0.0,9.0,0.0,58.0,0.0,0.0,0.0,True,Stephen F. Austin,58.0,4.380664652567976,0.0,7.8,13.14,72.24,False,True,False,True,False,15.6,60.462495225315614,100.0,72.24,51.60274856759469,Tier 5: Maintain/Monitor
LIPSCOMB,9.0,0.0,0.0,0.0,0.0,0.0,0.0,0.0,0.0,False,No Data,0.0,0.0,0.0,22.0,18.15,80.95,False,True,False,True,False,44.0,19.36525134154489,100.0,80.95,51.504575402463466,Tier 5: Maintain/Monitor
ROBERTSON,307.0,0.0,0.0,39.0,0.0,0.0,0.0,0.0,0.0,True,Texas A&M,39.0,12.703583061889251,0.0,14.575,30.825,53.54,False,True,False,False,False,29.15,48.191410101212725,100.0,53.54,51.471423030363816,Tier 5: Maintain/Monitor
FANNIN,736.0,0.0,0.0,5.0,0.0,0.0,0.0,0.0,0.0,True,Texas A&M,5.0,0.6793478260869565,0.0,11.4,23.85,56.625,False,True,False,False,False,22.8,55.52922861609885,100.0,56.625,51.44126858482966,Tier 5: Maintain/Monitor
LEE,501.0,6.0,0.0,69.0,0.0,0.0,0.0,0.0,0.0,True,Texas A&M,69.0,13.77245508982036,1.1976047904191618,9.45,23.7,83.2,False,True,False,True,False,18.9,52.299806281557856,98.80239520958084,83.2,51.330420926383525,Tier 5: Maintain/Monitor
HALE,1146.0,0.0,0.0,0.0,161.0,0.0,0.0,0.0,0.0,True,Texas Tech,161.0,14.048865619546246,0.0,7.3,11.525,77.06,False,True,False,True,False,14.6,59.2492145830542,100.0,77.06,51.320764374916266,Tier 5: Maintain/Monitor
COLEMAN,169.0,0.0,0.0,0.0,0.0,0.0,0.0,0.0,0.0,False,No Data,0.0,0.0,0.0,12.633333333333336,21.433333333333337,80.89999999999999,False,True,False,True,False,25.26666666666667,43.19320396696797,100.0,80.89999999999999,51.15462785675706,Tier 5: Maintain/Monitor
JONES,555.0,0.0,0.0,0.0,17.0,0.0,0.0,5.0,0.0,True,Texas Tech,17.0,3.063063063063063,0.0,10.0,14.475,71.44000000000001,False,True,False,True,False,20.0,53.159063290325506,100.0,71.44000000000001,51.09171898709765,Tier 5: Maintain/Monitor
JASPER,987.0,10.0,0.0,17.0,0.0,68.0,0.0,8.0,0.0,True,Stephen F. Austin,68.0,6.889564336372847,1.0131712259371837,7.966666666666666,15.7,75.11999999999999,False,True,False,True,False,15.933333333333334,57.994220938776444,98.98682877406281,75.11999999999999,51.08096536977883,Tier 5: Maintain/Monitor
LAMB,445.0,0.0,0.0,0.0,12.0,0.0,0.0,0.0,0.0,True,Texas Tech,12.0,2.696629213483146,0.0,10.025,13.875,75.62,False,True,False,True,False,20.05,51.305035426876955,100.0,75.62,50.97351062806308,Tier 5: Maintain/Monitor
GRAY,499.0,0.0,0.0,0.0,43.0,0.0,0.0,0.0,0.0,True,Texas Tech,43.0,8.617234468937877,0.0,8.1,14.15,87.60000000000001,False,True,False,True,False,16.2,52.266232497257505,100.0,87.60000000000001,50.91986974917725,Tier 5: Maintain/Monitor
BASTROP,2282.0,365.0,167.0,165.0,24.0,0.0,50.0,10.0,5.0,True,TXST,365.0,15.994741454864153,15.994741454864153,6.725,18.15,89.675,False,False,True,True,False,13.449999999999998,65.03831110807272,84.00525854513585,89.675,50.66004504144898,Tier 5: Maintain/Monitor
DEWITT,701.0,52.0,0.0,35.0,0.0,0.0,18.0,0.0,0.0,True,TXST,52.0,7.417974322396577,7.417974322396577,10.45,19.2,71.2,False,True,False,True,False,20.9,55.12003357916072,92.58202567760343,71.2,50.532415209268905,Tier 5: Maintain/Monitor
HARDEMAN,95.0,0.0,0.0,0.0,5.0,0.0,0.0,0.0,0.0,True,Texas Tech,5.0,5.263157894736842,0.0,20.0,20.0,29.799999999999997,False,True,False,False,False,40.0,38.387180654925345,100.0,29.799999999999997,50.4961541964776,Tier 5: Maintain/Monitor
JIM WELLS,652.0,12.0,0.0,10.0,0.0,0.0,35.0,0.0,0.0,True,UTSA,35.0,5.368098159509203,1.8404907975460123,12.466666666666669,13.466666666666669,44.675,False,True,False,False,False,24.933333333333337,54.51150126001952,98.15950920245399,44.675,50.42618555182999,Tier 5: Maintain/Monitor
RAINS,253.0,0.0,0.0,0.0,0.0,0.0,0.0,9.0,0.0,True,UNT,9.0,3.557312252964427,0.0,16.7,30.6,30.8,False,True,False,False,False,33.4,46.57020935696664,100.0,30.8,50.41106280708999,Tier 5: Maintain/Monitor
MCCULLOCH,96.0,0.0,0.0,0.0,0.0,0.0,0.0,0.0,0.0,False,No Data,0.0,0.0,0.0,12.4,18.5,88.95,False,True,False,True,False,24.8,38.47433399234287,100.0,88.95,50.35730019770286,Tier 5: Maintain/Monitor
HENDERSON,860.0,0.0,0.0,10.0,0.0,10.0,0.0,0.0,0.0,True,Texas A&M,10.0,1.162790697674419,0.0,8.620000000000001,15.8,64.02857142857142,False,True,False,False,False,17.240000000000002,56.83707371612636,100.0,64.02857142857142,50.349979257695054,Tier 5: Maintain/Monitor
SWISHER,128.0,0.0,0.0,0.0,0.0,0.0,0.0,0.0,0.0,False,No Data,0.0,0.0,0.0,11.25,19.1,90.46666666666664,False,True,False,True,False,22.5,40.87210021882337,100.0,90.46666666666664,50.30829673231368,Tier 5: Maintain/Monitor
YOAKUM,354.0,0.0,0.0,0.0,0.0,0.0,0.0,0.0,0.0,False,No Data,0.0,0.0,0.0,13.0,12.05,50.9,False,True,False,False,False,26.0,49.38581303524598,100.0,50.9,50.305743910573796,Tier 5: Maintain/Monitor
RED RIVER,114.0,0.0,0.0,0.0,0.0,0.0,0.0,0.0,0.0,False,No Data,0.0,0.0,0.0,13.85,20.4,72.35,False,True,False,True,False,27.699999999999996,39.90593161742644,100.0,72.35,50.28677948522793,Tier 5: Maintain/Monitor
TRINITY,287.0,0.0,0.0,0.0,0.0,10.0,0.0,0.0,0.0,True,Stephen F. Austin,10.0,3.484320557491289,0.0,10.95,24.8,72.2,False,True,False,True,False,21.9,47.626753672964874,100.0,72.2,50.26802610188946,Tier 5: Maintain/Monitor
WINKLER,197.0,0.0,0.0,0.0,5.0,0.0,0.0,0.0,0.0,True,Texas Tech,5.0,2.538071065989848,0.0,11.7,19.799999999999997,74.65,False,True,False,True,False,23.4,44.475498656791565,100.0,74.65,50.167649597037475,Tier 5: Maintain/Monitor
ATASCOSA,1345.0,43.0,0.0,57.0,41.0,0.0,103.0,0.0,0.0,True,UTSA,103.0,7.657992565055761,3.197026022304833,8.125,21.975,58.779999999999994,False,True,False,False,False,16.25,60.59474404374969,96.80297397769516,58.779999999999994,49.917018008663945,Tier 5: Maintain/Monitor
PECOS,331.0,0.0,0.0,0.0,19.0,0.0,27.0,0.0,0.0,True,UTSA,27.0,8.157099697885197,0.0,11.0,15.833333333333334,63.56666666666666,False,True,False,False,False,22.0,48.8224726576695,100.0,63.56666666666666,49.80340846396752,Tier 5: Maintain/Monitor
MITCHELL,168.0,0.0,0.0,0.0,0.0,0.0,0.0,0.0,0.0,False,No Data,0.0,0.0,0.0,14.133333333333333,19.066666666666663,55.0,False,True,False,False,False,28.26666666666667,43.14358599532997,100.0,55.0,49.74974246526566,Tier 5: Maintain/Monitor
MORRIS,345.0,5.0,0.0,0.0,0.0,9.0,0.0,0.0,0.0,True,Stephen F. Austin,9.0,2.608695652173913,1.4492753623188406,10.65,11.95,67.45,False,True,False,False,False,21.3,49.16984682843139,98.55072463768116,67.45,49.72609897606566,Tier 5: Maintain/Monitor
KINNEY,116.0,0.0,0.0,0.0,0.0,0.0,0.0,0.0,0.0,False,No Data,0.0,0.0,0.0,9.5,28.6,100.0,False,True,False,True,False,19.0,40.05093903374403,100.0,100.0,49.61528171012321,Tier 5: Maintain/Monitor
PRESIDIO,239.0,0.0,0.0,0.0,0.0,0.0,0.0,0.0,0.0,False,No Data,0.0,0.0,0.0,8.8,13.6,86.4,False,True,False,True,False,17.6,46.09338894171591,100.0,86.4,49.50801668251477,Tier 5: Maintain/Monitor
DUVAL,443.0,0.0,0.0,0.0,0.0,0.0,5.0,0.0,0.0,True,UTSA,5.0,1.1286681715575622,0.0,8.0,10.55,76.33333333333333,False,True,False,True,False,16.0,51.26723661359524,100.0,76.33333333333333,49.413504317411906,Tier 5: Maintain/Monitor
ARANSAS,471.0,34.0,0.0,29.0,0.0,5.0,29.0,0.0,0.0,True,TXST,34.0,7.218683651804671,7.218683651804671,7.2,19.3,94.8,False,True,False,True,False,14.400000000000002,51.78155887626199,92.78131634819533,94.8,49.33073093251767,Tier 5: Maintain/Monitor
GONZALES,502.0,66.0,6.0,35.0,0.0,0.0,31.0,0.0,0.0,True,TXST,66.0,13.147410358565736,13.147410358565736,12.233333333333334,12.966666666666669,63.666666666666664,False,False,False,False,False,24.46666666666667,52.316543046879026,86.85258964143426,63.666666666666664,49.218814175683896,Tier 5: Maintain/Monitor
TERRY,223.0,0.0,0.0,0.0,8.0,0.0,0.0,0.0,0.0,True,Texas Tech,8.0,3.587443946188341,0.0,9.35,11.45,80.39999999999999,False,True,False,True,False,18.7,45.513143590008866,100.0,80.39999999999999,49.17394307700266,Tier 5: Maintain/Monitor
CALHOUN,591.0,23.0,15.0,41.0,0.0,0.0,0.0,0.0,0.0,True,Texas A&M,41.0,6.937394247038917,3.8917089678511,12.0,22.0,42.0,False,True,False,False,False,24.0,53.68670665031004,96.1082910321489,42.0,49.1276702015228,Tier 5: Maintain/Monitor
BURLESON,409.0,0.0,0.0,57.0,0.0,0.0,0.0,0.0,0.0,True,Texas A&M,57.0,13.93643031784841,0.0,8.950000000000001,16.400000000000002,67.76666666666667,False,True,False,False,False,17.900000000000002,50.59721608650869,100.0,67.76666666666667,49.11583149261928,Tier 5: Maintain/Monitor
UPTON,106.0,0.0,0.0,0.0,0.0,0.0,0.0,0.0,0.0,False,No Data,0.0,0.0,0.0,9.1,13.6,100.0,False,True,False,True,False,18.2,39.299526923327946,100.0,100.0,49.069858076998386,Tier 5: Maintain/Monitor
KIMBLE,104.0,0.0,0.0,0.0,5.0,0.0,0.0,0.0,0.0,True,Texas Tech,5.0,4.807692307692308,0.0,14.3,28.6,58.3,False,True,False,False,False,28.6,39.140838785330295,100.0,58.3,49.012251635599085,Tier 5: Maintain/Monitor
COKE,17.0,0.0,0.0,0.0,0.0,0.0,0.0,0.0,0.0,False,No Data,0.0,0.0,0.0,15.25,21.5,95.0,False,True,False,True,False,30.5,24.30866756345621,100.0,95.0,48.99260026903686,Tier 5: Maintain/Monitor
NEWTON,233.0,0.0,0.0,0.0,0.0,19.0,0.0,0.0,10.0,True,Stephen F. Austin,19.0,8.15450643776824,0.0,9.566666666666666,9.666666666666666,75.2,False,True,False,True,False,19.133333333333333,45.8804605611212,100.0,75.2,48.9374715016697,Tier 5: Maintain/Monitor
POLK,853.0,5.0,11.0,49.0,0.0,53.0,0.0,0.0,0.0,True,Stephen F. Austin,53.0,6.213364595545135,0.5861664712778429,4.233333333333333,15.55,86.14999999999999,False,True,False,True,False,8.466666666666667,56.76841846304259,99.41383352872215,86.14999999999999,48.91495891132387,Tier 5: Maintain/Monitor
LYNN,192.0,0.0,0.0,0.0,32.0,0.0,0.0,0.0,0.0,True,Texas Tech,32.0,16.666666666666664,0.0,8.1,21.8,90.6,False,True,False,True,False,16.2,44.26039174444052,100.0,90.6,48.818117523332155,Tier 5: Maintain/Monitor
GAINES,425.0,5.0,0.0,0.0,34.0,0.0,0.0,0.0,0.0,True,Texas Tech,34.0,8.0,1.1764705882352942,11.25,32.1,46.0,False,True,False,False,False,22.5,50.91917776649494,98.82352941176471,46.0,48.64045921230142,Tier 5: Maintain/Monitor
PARMER,333.0,0.0,0.0,0.0,13.0,0.0,0.0,0.0,0.0,True,Texas Tech,13.0,3.903903903903904,0.0,8.266666666666667,16.96666666666667,73.475,False,True,False,True,False,16.533333333333335,48.87298465214183,100.0,73.475,48.622728728975886,Tier 5: Maintain/Monitor
VICTORIA,1969.0,120.0,60.0,96.0,0.0,0.0,75.0,0.0,5.0,True,TXST,120.0,6.094464195022854,6.094464195022854,8.25,20.55,40.9,False,True,False,False,False,16.5,63.79816650585012,93.90553580497715,40.9,48.61055711275047,Tier 5: Maintain/Monitor
CAMP,436.0,0.0,0.0,5.0,0.0,0.0,0.0,0.0,0.0,True,Texas A&M,5.0,1.146788990825688,0.0,8.4,25.3,64.6,False,True,False,False,False,16.8,51.13358668961584,100.0,64.6,48.52007600688475,Tier 5: Maintain/Monitor
COLORADO,761.0,21.0,0.0,30.0,0.0,0.0,0.0,0.0,0.0,True,Texas A&M,30.0,3.942181340341656,2.759526938239159,6.333333333333333,19.466666666666665,72.06666666666666,False,True,False,True,False,12.666666666666664,55.809782375006165,97.24047306176084,72.06666666666666,48.464362658187355,Tier 5: Maintain/Monitor
PALO PINTO,236.0,0.0,0.0,0.0,7.0,0.0,0.0,0.0,0.0,True,Texas Tech,7.0,2.9661016949152543,0.0,12.35,29.45,46.48,False,True,False,False,False,24.7,45.987598593403675,100.0,46.48,48.324279578021105,Tier 5: Maintain/Monitor
WALLER,1505.0,70.0,27.0,124.0,10.0,0.0,12.0,0.0,21.0,True,Texas A&M,124.0,8.23920265780731,4.651162790697675,4.366666666666666,11.333333333333334,70.2,False,True,False,True,False,8.733333333333333,61.539379299597385,95.34883720930233,70.2,48.04491456507302,Tier 5: Maintain/Monitor
REAGAN,114.0,0.0,0.0,0.0,5.0,0.0,0.0,0.0,0.0,True,Texas Tech,5.0,4.385964912280701,0.0,7.5,7.5,100.0,False,True,False,True,False,15.0,39.90593161742644,100.0,100.0,47.971779485227934,Tier 5: Maintain/Monitor
HUTCHINSON,362.0,0.0,0.0,0.0,21.0,0.0,0.0,0.0,0.0,True,Texas Tech,21.0,5.801104972375691,0.0,7.033333333333334,13.633333333333336,73.53333333333333,False,True,False,True,False,14.066666666666668,49.57323520471023,100.0,73.53333333333333,47.85197056141307,Tier 5: Maintain/Monitor
SHACKELFORD,74.0,0.0,0.0,0.0,18.0,0.0,0.0,0.0,0.0,True,Texas Tech,18.0,24.324324324324326,0.0,11.6,37.2,74.3,False,True,False,True,False,23.2,36.311032646374976,100.0,74.3,47.603309793912494,Tier 5: Maintain/Monitor
IRION,16.0,0.0,0.0,0.0,0.0,0.0,0.0,0.0,0.0,False,No Data,0.0,0.0,0.0,13.0,26.1,100.0,False,True,False,True,False,26.0,23.827952625423084,100.0,100.0,47.54838578762693,Tier 5: Maintain/Monitor
DIMMIT,433.0,17.0,0.0,0.0,0.0,0.0,39.0,0.0,0.0,True,UTSA,39.0,9.006928406466514,3.9260969976905313,10.9,19.6,41.4,False,True,False,False,False,21.8,51.07565152275302,96.07390300230946,41.4,47.3974760572878,Tier 5: Maintain/Monitor
SHERMAN,94.0,0.0,0.0,0.0,0.0,0.0,0.0,0.0,0.0,False,No Data,0.0,0.0,0.0,10.3,24.1,76.3,False,True,False,True,False,20.6,38.299114700524854,100.0,76.3,47.35973441015746,Tier 5: Maintain/Monitor
SCHLEICHER,73.0,0.0,0.0,0.0,0.0,0.0,0.0,0.0,0.0,False,No Data,0.0,0.0,0.0,7.9,18.4,100.0,False,True,False,True,False,15.8,36.198142068178555,100.0,100.0,47.179442620453564,Tier 5: Maintain/Monitor
STEPHENS,260.0,0.0,0.0,0.0,0.0,0.0,0.0,0.0,0.0,False,No Data,0.0,0.0,0.0,8.8,19.1,60.7,False,True,False,False,False,17.6,46.79885082676437,100.0,60.7,47.14965524802931,Tier 5: Maintain/Monitor
STERLING,57.0,0.0,0.0,0.0,12.0,0.0,0.0,0.0,0.0,True,Texas Tech,12.0,21.052631578947366,0.0,10.0,13.3,88.2,False,True,False,True,False,20.0,34.14922631806248,100.0,88.2,47.06476789541875,Tier 5: Maintain/Monitor
MATAGORDA,665.0,19.0,0.0,6.0,0.0,0.0,0.0,0.0,0.0,True,TXST,19.0,2.857142857142857,2.857142857142857,8.333333333333334,18.65,45.525,False,True,False,False,False,16.666666666666668,54.677288104257606,97.14285714285714,45.525,47.05092452651538,Tier 5: Maintain/Monitor
MARION,203.0,0.0,0.0,0.0,0.0,10.0,0.0,0.0,0.0,True,Stephen F. Austin,10.0,4.926108374384237,0.0,13.0,30.4,30.3,False,True,False,False,False,26.0,44.72656869821694,100.0,30.3,46.84797060946508,Tier 5: Maintain/Monitor
WILLACY,747.0,0.0,0.0,5.0,0.0,0.0,12.0,0.0,0.0,True,UTSA,12.0,1.6064257028112447,0.0,2.0,2.9,82.825,False,True,False,True,False,4.0,55.65382677351277,100.0,82.825,46.578648032053835,Tier 5: Maintain/Monitor
CRANE,231.0,0.0,0.0,0.0,0.0,0.0,0.0,0.0,0.0,False,No Data,0.0,0.0,0.0,8.7,17.4,56.1,False,True,False,False,False,17.4,45.80826937281681,100.0,56.1,46.31248081184504,Tier 5: Maintain/Monitor
REFUGIO,225.0,0.0,0.0,0.0,0.0,0.0,0.0,0.0,0.0,False,No Data,0.0,0.0,0.0,6.933333333333334,21.433333333333337,64.63333333333334,False,True,False,False,False,13.866666666666665,45.58790160934136,100.0,64.63333333333334,45.6863704828024,Tier 5: Maintain/Monitor
FLOYD,210.0,0.0,0.0,0.0,0.0,0.0,0.0,0.0,0.0,False,No Data,0.0,0.0,0.0,9.1,10.35,48.8,False,True,False,False,False,18.2,45.01031393558289,100.0,48.8,45.66309418067487,Tier 5: Maintain/Monitor
FRIO,360.0,9.0,0.0,0.0,0.0,0.0,12.0,0.0,0.0,True,UTSA,12.0,3.3333333333333335,2.5,10.95,10.8,25.299999999999997,False,True,False,False,False,21.9,49.52676977271426,97.5,25.299999999999997,45.648030931814276,Tier 5: Maintain/Monitor
DICKENS,26.0,0.0,0.0,0.0,0.0,0.0,0.0,0.0,0.0,False,No Data,0.0,0.0,0.0,9.1,9.1,100.0,False,True,False,True,False,18.2,27.718719054118573,100.0,100.0,45.59561571623557,Tier 5: Maintain/Monitor
FALLS,333.0,0.0,0.0,0.0,0.0,0.0,0.0,0.0,0.0,False,No Data,0.0,0.0,0.0,5.85,8.25,62.53333333333333,False,True,False,False,False,11.7,48.87298465214183,100.0,62.53333333333333,45.59522872897588,Tier 5: Maintain/Monitor
SAN AUGUSTINE,138.0,0.0,0.0,0.0,0.0,7.0,0.0,0.0,0.0,True,Stephen F. Austin,7.0,5.072463768115942,0.0,12.65,10.5,29.5,False,True,False,False,False,25.3,41.500020235571164,100.0,29.5,45.52000607067135,Tier 5: Maintain/Monitor
SAN JACINTO,177.0,0.0,0.0,0.0,0.0,0.0,0.0,0.0,0.0,False,No Data,0.0,0.0,0.0,7.550000000000001,15.55,58.2,False,True,False,False,False,15.100000000000001,43.579948968751765,100.0,58.2,44.93398469062553,Tier 5: Maintain/Monitor
ZAPATA,639.0,7.0,0.0,5.0,0.0,0.0,18.0,0.0,0.0,True,UTSA,18.0,2.8169014084507045,1.0954616588419406,1.6,3.2,75.3,False,True,False,True,False,3.2,54.342380505807874,98.90453834115806,75.3,44.89362181997397,Tier 5: Maintain/Monitor
COCHRAN,52.0,0.0,0.0,0.0,0.0,0.0,0.0,0.0,0.0,False,No Data,0.0,0.0,0.0,6.5,9.7,96.45,False,True,False,True,False,13.0,33.39103559698016,100.0,96.45,44.86231067909405,Tier 5: Maintain/Monitor
JIM HOGG,232.0,0.0,0.0,0.0,0.0,0.0,5.0,0.0,0.0,True,UTSA,5.0,2.1551724137931036,0.0,1.3,6.4,95.1,False,True,False,True,False,2.6,45.84444242556335,100.0,95.1,44.303332727669,Tier 5: Maintain/Monitor
SUTTON,193.0,5.0,0.0,0.0,13.0,0.0,6.0,0.0,0.0,True,Texas Tech,13.0,6.7357512953367875,2.5906735751295336,4.9,7.3,74.5,False,True,False,True,False,9.8,44.30385551972003,97.40932642487047,74.5,44.14302194089011,Tier 5: Maintain/Monitor
REEVES,335.0,5.0,0.0,0.0,32.0,0.0,5.0,0.0,0.0,True,Texas Tech,32.0,9.55223880597015,1.4925373134328357,0.7,2.0,89.35,False,True,False,True,False,1.4,48.92319508067123,98.50746268656717,89.35,43.87345106151481,Tier 5: Maintain/Monitor
CROSBY,97.0,0.0,0.0,0.0,0.0,0.0,0.0,0.0,0.0,False,No Data,0.0,0.0,0.0,5.0,5.0,78.7,False,True,False,True,False,10.0,38.56059343362326,100.0,78.7,43.43817803008697,Tier 5: Maintain/Monitor
WARD,326.0,0.0,0.0,0.0,17.0,0.0,0.0,0.0,0.0,True,Texas Tech,17.0,5.214723926380368,0.0,2.6,11.3,66.95,False,True,False,False,False,5.2,48.694849240583295,100.0,66.95,43.383454772174986,Tier 5: Maintain/Monitor
DEAF SMITH,268.0,0.0,0.0,0.0,23.0,0.0,0.0,0.0,0.0,True,Texas Tech,23.0,8.582089552238806,0.0,6.7,10.5,39.0,False,True,False,False,False,13.4,47.05276359993839,100.0,39.0,43.375829079981514,Tier 5: Maintain/Monitor
GOLIAD,278.0,20.0,0.0,17.0,0.0,0.0,5.0,0.0,0.0,True,TXST,20.0,7.194244604316546,7.194244604316546,4.8,23.8,64.3,False,True,False,False,False,9.6,47.35974007833186,92.80575539568345,64.3,43.039073102636245,Tier 5: Maintain/Monitor
CALDWELL,773.0,185.0,39.0,39.0,0.0,0.0,28.0,0.0,0.0,True,TXST,185.0,23.93272962483829,23.93272962483829,4.2,12.8,70.39999999999999,False,False,False,True,False,8.4,55.941194764240066,76.06727037516171,70.39999999999999,42.39581250430436,Tier 5: Maintain/Monitor
LA SALLE,185.0,0.0,5.0,0.0,0.0,0.0,13.0,0.0,0.0,True,UTSA,13.0,7.027027027027027,0.0,1.4,4.1,77.9,False,True,False,True,False,2.8,43.9496885876695,100.0,77.9,42.09490657630085,Tier 5: Maintain/Monitor
HUDSPETH,53.0,0.0,0.0,0.0,0.0,0.0,0.0,0.0,0.0,False,No Data,0.0,0.0,0.0,3.7,18.5,74.36666666666666,False,True,False,True,False,7.400000000000001,33.54824058149573,100.0,74.36666666666666,40.461138841115385,Tier 5: Maintain/Monitor
SABINE,198.0,0.0,0.0,0.0,0.0,17.0,0.0,0.0,0.0,True,Stephen F. Austin,17.0,8.585858585858585,0.0,2.9,10.65,46.3,False,True,False,False,False,5.8,44.51786762195767,100.0,46.3,40.3053602865873,Tier 5: Maintain/Monitor
